ccccccccccccccccccccccccccccccccccccccccccccccccccccccccccccccccccccccccccccccccccccccccccccccccccc
c                  ____            __                 ___              _                          c
c                 / __ \  ____    / / __  __         /   |    ____    (_) _____  ____             c
c                / /_/ / / __ \  / / / / / /        / /| |   / __ \  / / / ___/ / __ \            c
c               / ____/ / /_/ / / / / /_/ /        / ___ |  / / / / / / (__  ) / /_/ /            c
c              /_/      \____/ /_/  \__, /  ______/_/  |_| /_/ /_/ /_/ /____/  \____/             c
c                                  /____/  /_____/                                                c
c                                                                                                 c
c                                                                                                 c
c                                     POLY_ANISO Program                                          c
c                                                                                                 c
c           developed by Liviu Ungur          --  Liviu.Ungur@nus.edu.sg                          c
c                        Liviu F. Chibotaru   --  Liviu.Chibotaru@kuleuven.be                     c
c                                                                                                 c
c                     at National University of Singapore     and                                 c
c                        KU Leuven                                                                c
c                                                                                                 c
c   Program version :  v1.0.0                                                                     c
c   Compiled on     : 04-12-25                                                                                 c
ccccccccccccccccccccccccccccccccccccccccccccccccccccccccccccccccccccccccccccccccccccccccccccccccccc
The code allocated at least:           17816 bytes of memory for this run.

The program runs in serial

Number of independent centers --------------- :  2
Number of all centers ----------------------- :  2


Information about individual magnetic sites
(as read from the corresponding datafiles)
----------------------------------------------:
Center type 1:
  This center was computed ab initio -------- :  TRUE
  Data file for this center ----------------- :  aniso_1.input
  Cartesian coordinates (x,y,z), in Angstrom  :       0.00000000     0.00000000     0.00000000
  Number of centers of this kind ------------ :  1
  Local basis for exchange interaction ------ :  2
  Number of spin-orbit states --------------- :  4
  Spin-orbit energy spectra (cm-1) ---------- :      0.000      0.000  29361.197  29361.197
  Number of spin-free states ---------------- :  2
  g_tensor ( pseudospin =  1/2 ) ------------ :                         x        y        z
                                              : gX =  2.00000 Xm : -0.66776 -0.41991  0.61463
                                              : gY =  2.00000 Ym : -0.52030 -0.32719 -0.78882
                                              : gZ =  1.99952 Zm :  0.53234 -0.84653  0.00000
  Rotation Matrices for this center type ---- :
                         equivalent center 1  :  1.00000  0.00000  0.00000
                                              :  0.00000  1.00000  0.00000
                                              :  0.00000  0.00000  1.00000
Center type 1:
  This center was computed ab initio -------- :  TRUE
  Data file for this center ----------------- :  aniso_2.input
  Cartesian coordinates (x,y,z), in Angstrom  :       0.00000000     0.00000000     3.70000000
  Number of centers of this kind ------------ :  1
  Local basis for exchange interaction ------ :  2
  Number of spin-orbit states --------------- :  4
  Spin-orbit energy spectra (cm-1) ---------- :      0.000      0.000  29361.197  29361.197
  Number of spin-free states ---------------- :  2
  g_tensor ( pseudospin =  1/2 ) ------------ :                         x        y        z
                                              : gX =  2.00000 Xm :  0.84642  0.53227  0.01613
                                              : gY =  2.00000 Ym :  0.01366  0.00859 -0.99987
                                              : gZ =  1.99952 Zm : -0.53234  0.84653  0.00000
  Rotation Matrices for this center type ---- :
                         equivalent center 1  :  1.00000  0.00000  0.00000
                                              :  0.00000  1.00000  0.00000
                                              :  0.00000  0.00000  1.00000


Information about magnetic exchange couplings
----------------------------------------------:
  Number of exchange coupled states --------- :  4
  Number of interacting pairs (total) ------- :  1

  Magnetic dipole-dipole coupling for all     
  interacting metal pairs ------------------- :  INCLUDED
  Lines-1 model for magnetic interaction ---- :  INCLUDED
          Number of pairs for LINES-1 model - :  1
               pair 1 : centers  1 --  2      :    0.10000 (cm-1)

  Decomposition of magnetic interaction into   
  irreducible tensor operators (ITO) -------- :  INCLUDED

  Population analysis of the exchange system  :  INCLUDED

Computation of the EPR g-tensor ------------- :  NOT INCLUDED

Estimation of blocking barier for SMMs ------ :  NOT INCLUDED

Information about computation of magnetic
thermodynamic properties
----------------------------------------------:
  Intermolecular interaction parameter ------ :     0.000000 (cm-1)

  Computation of magnetic susceptibility ---- :
    -- in the limit of zero-applied field --- :  INCLUDED
  Temperature interval (min,max,npoints) ---- :      0.000 (K)   300.000 (K)   101
  Magnetic susceptibility tensors  ---------- :  INCLUDED

  Computation of molar magnetisation -------- :  INCLUDED
  Magnetic field interval (min,max,npoints)-- :      0.000 (T)     7.000 (T)   71
  Temperature values for magnetisation (in K) :      1.80000    2.00000    2.50000    3.00000    4.00000
                                              :      5.00000
  Powder molar magnetisation ---------------- :  INCLUDED
     Integration grid (Lebedev) ------------- :  15
     Number of angular grid points ---------- :  185
  Powder molar magnetisation ---------------- :  INCLUDED
  Magnetization will be computed in 185 directions.
  There will be  13135 calculations in total.
     Number of exchange states included in    
     the Zeeman Hamiltonian ----------------- :  0
     Effect of the excited exchange states -- :  INCLUDED
     is added by second order perturbation.
     Effect of the on-site excited states --- :  INCLUDED
     is computed exactly                      :
  Effect of the intermolecular interaction    :  INCLUDED

    -- Average spin < S > of the environment is
       computed for the highest temperature    
       point only and used for all computed    
       temperature points.

  Automatic generation of PLOTS ------------- :  NOT INCLUDED
----------------------------------------------------------------------------------------------------------------------------------------|
                        FIRST-ORDER ANISOTROPIC MAGNETIC COUPLING                                                                       |
                                                                                                                                        |
                                    ( xx, xy, xz )                                                                                      |
                          S1  x   J ( yx, yy, yz )  x  S2                                                                               |
                                    ( zx, zy, zz )                                                                                      |
                     where the S1 and S2 are writren in the coordinate system of main magnetic axes                                     |
                                                                                                                                        |
  DECOMPOSITION:  FULL Interaction Matrix  =  Isotropic Term + Symmetric Term + Anti-Symmetric Term                                     |
--------------------|---------------------|---------------------|---------|-------------------------------------------------------------|
  Interacting Pair  |  Interaction Model  |  Full Interaction   | weight %|                    Interaction Matrix J                     |
- Nr ------- Pair --|---------------------|---------------------|---------|-------------------------------------------------------------|
                    |                     |                     |         |  7.447400039159E-02 -5.560448830148E-03 -6.650323657139E-02 |
  1         1 -- 2  |       LINES-1       | Full Interaction    | 100.000 |  4.224046751788E-03 -9.905969278245E-02  1.301286532819E-02 |
                    |                     |       Matrix        |         | -6.660147530887E-02 -1.250033703262E-02 -7.353883927145E-02 |
                    |                     |                     |         |---------- Decomposition of the Full Interaction Matrix -----|
                    |                     |                     |         | -3.270817722077E-02  0.000000000000E+00  0.000000000000E+00 |
  1         1 -- 2  |       LINES-1       | Isotropic Term      |  32.708 |  0.000000000000E+00 -3.270817722077E-02  0.000000000000E+00 |
                    |                     |                     |         |  0.000000000000E+00  0.000000000000E+00 -3.270817722077E-02 |
                    |                     |                     |         |-------------------------------------------------------------|
                    |                     |                     |         |  1.071821776124E-01 -6.682010391796E-04 -6.655235594013E-02 |
  1         1 -- 2  |       LINES-1       | Symmetric Term      |  93.839 | -6.682010391796E-04 -6.635151556168E-02  2.562641477858E-04 |
                    |                     |                     |         | -6.655235594013E-02  2.562641477858E-04 -4.083066205068E-02 |
                    |                     |                     |         |-------------------------------------------------------------|
                    |                     |                     |         |  0.000000000000E+00 -4.892247790968E-03  4.911936873875E-05 |
  1         1 -- 2  |       LINES-1       | Anti-Symmetric Term |  11.155 |  4.892247790968E-03  0.000000000000E+00  1.275660118040E-02 |
                    |                     |                     |         | -4.911936873875E-05 -1.275660118040E-02  0.000000000000E+00 |
--------------------|---------------------|---------------------|---------|-------------------------------------------------------------|
                    |                     |                     |         |  6.367712540022E-02  1.900941519030E-03 -6.197317794735E-03 |
  1         1 -- 2  |    DIPOLE-DIPOLE    | Full Interaction    | 100.000 | -1.443735409308E-03  3.385330889037E-02 -4.447662527150E-03 |
                    |                     |       Matrix        |         | -1.688008107997E-02  4.273469713162E-03  3.801498849139E-02 |
                    |                     |                     |         |---------- Decomposition of the Full Interaction Matrix -----|
                    |                     |                     |         |  4.518180759399E-02  0.000000000000E+00  0.000000000000E+00 |
  1         1 -- 2  |    DIPOLE-DIPOLE    | Isotropic Term      |  93.448 |  0.000000000000E+00  4.518180759399E-02  0.000000000000E+00 |
                    |                     |                     |         |  0.000000000000E+00  0.000000000000E+00  4.518180759399E-02 |
                    |                     |                     |         |-------------------------------------------------------------|
                    |                     |                     |         |  1.849531780623E-02  2.286030548610E-04 -1.153869943735E-02 |
  1         1 -- 2  |    DIPOLE-DIPOLE    | Symmetric Term      |  33.524 |  2.286030548610E-04 -1.132849870363E-02 -8.709640699414E-05 |
                    |                     |                     |         | -1.153869943735E-02 -8.709640699414E-05 -7.166819102601E-03 |
                    |                     |                     |         |-------------------------------------------------------------|
                    |                     |                     |         |  0.000000000000E+00  1.672338464169E-03  5.341381642615E-03 |
  1         1 -- 2  |    DIPOLE-DIPOLE    | Anti-Symmetric Term |  11.982 | -1.672338464169E-03  0.000000000000E+00 -4.360566120156E-03 |
                    |                     |                     |         | -5.341381642615E-03  4.360566120156E-03  0.000000000000E+00 |
--------------------|---------------------|---------------------|---------|-------------------------------------------------------------|

%%%%%%%%%%%%%%%%%%%%%%%%%%%%%%%%%%%%%%%%%%%%%%%%%%%%%%%%%%%%%%%%%%%%%%%%%%%%%%%%%%%%%%%%%%%%%%%%%%%%
          EigenValues of the Magnetic Interaction
%%%%%%%%%%%%%%%%%%%%%%%%%%%%%%%%%%%%%%%%%%%%%%%%%%%%%%%%%%%%%%%%%%%%%%%%%%%%%%%%%%%%%%%%%%%%%%%%%%%%
Coupled|     Lines Model      | Dipole-Dipole Inter. |         Total Magnetic Interaction          |
State  |  absolute val., cm-1 |  absolute val., cm-1 |  absolute val., cm-1 |  relative val., cm-1 |
-------|----------------------|----------------------|---------------------------------------------|
    1  |     -0.025000000000  |     -0.017099603330  |     -0.042099603330  |      0.000000000000  |
    2  |     -0.025000000000  |     -0.017091439586  |     -0.042091379074  |      0.000008224256  |
    3  |     -0.024999939487  |      0.000004081872  |      0.009186961044  |      0.051286564374  |
    4  |      0.074999939487  |      0.034186961044  |      0.075004021359  |      0.117103624688  |
-------|----------------------|----------------------|---------------------------------------------|
          EigenVectors of the Total Magnetic Interaction are not printed.
          If you need them, set a higher print level by using PRLV key.
--------------------------------------------------
               POPULATION ANALYSIS
       (i.e. diagonal value of density matrices of the interacting sites)
--------------------------------------------------
--------|-----|------------|------------|
Exchange|Basis|   center   |   center   |
 state  | set |      1     |      2     |
--------|-----|------------|------------|
     1  |  1  | 0.50000000 | 0.50000000 |
     1  |  2  | 0.50000000 | 0.50000000 |
--------|-----|------------|------------|
     2  |  1  | 0.50000000 | 0.50000000 |
     2  |  2  | 0.50000000 | 0.50000000 |
--------|-----|------------|------------|
     3  |  1  | 0.50000000 | 0.50000000 |
     3  |  2  | 0.50000000 | 0.50000000 |
--------|-----|------------|------------|
     4  |  1  | 0.50000000 | 0.50000000 |
     4  |  2  | 0.50000000 | 0.50000000 |
--------|-----|------------|------------|

EXPECTATION VALUES
--------|----|------------------------------|----------|------------------------------|----------|
Exchange|Site|   MAGNETIC MOMENT (M=-L-2S)  |   NORM   |        SPIN MOMENT (S)       |   NORM   |
 state  | Nr.|     X         Y         Z    |          |     X         Y         Z    |          |
--------|----|------------------------------|----------|------------------------------|----------|
    1   |  1 |  0.00000  -0.00000   1.00000 |  1.00000 | -0.00000   0.00000  -0.50000 |  0.50000 |
        |  2 |  0.00000  -0.00000   1.00000 |  1.00000 | -0.00000   0.00000  -0.50000 |  0.50000 |
--------|----|------------------------------|----------|------------------------------|----------|
    2   |  1 |  0.00000   0.00000  -1.00000 |  1.00000 |  0.00000  -0.00000   0.50000 |  0.50000 |
        |  2 |  0.00000   0.00000  -1.00000 |  1.00000 |  0.00000  -0.00000   0.50000 |  0.50000 |
--------|----|------------------------------|----------|------------------------------|----------|
    3   |  1 | -0.00000  -0.00000  -0.00000 |  0.00000 |  0.00000   0.00000   0.00000 |  0.00000 |
        |  2 |  0.00000  -0.00000   0.00000 |  0.00000 |  0.00000   0.00000  -0.00000 |  0.00000 |
--------|----|------------------------------|----------|------------------------------|----------|
    4   |  1 | -0.00000  -0.00000   0.00000 |  0.00000 |  0.00000   0.00000  -0.00000 |  0.00000 |
        |  2 |  0.00000  -0.00000  -0.00000 |  0.00000 |  0.00000  -0.00000   0.00000 |  0.00000 |
--------|----|------------------------------|----------|------------------------------|----------|


--------|----|------------------------------|----------|------------------------------|----------|
Exchange|Site|      ORBITAL MOMENT (L)      |   NORM   |     TOTAL MOMENT (J=L+S)     |   NORM   |
 state  | Nr.|     X         Y         Z    |          |     X         Y         Z    |          |
--------|----|------------------------------|----------|------------------------------|----------|
    1   |  1 |  0.00000  -0.00000   0.00116 |  0.00116 |  0.00000  -0.00000  -0.49884 |  0.49884 |
        |  2 | -0.00000   0.00000   0.00116 |  0.00116 | -0.00000   0.00000  -0.49884 |  0.49884 |
--------|----|------------------------------|----------|------------------------------|----------|
    2   |  1 | -0.00000   0.00000  -0.00116 |  0.00116 | -0.00000   0.00000   0.49884 |  0.49884 |
        |  2 | -0.00000   0.00000  -0.00116 |  0.00116 | -0.00000  -0.00000   0.49884 |  0.49884 |
--------|----|------------------------------|----------|------------------------------|----------|
    3   |  1 | -0.00000  -0.00000   0.00000 |  0.00000 |  0.00000   0.00000   0.00000 |  0.00000 |
        |  2 | -0.00000   0.00000   0.00000 |  0.00000 | -0.00000   0.00000  -0.00000 |  0.00000 |
--------|----|------------------------------|----------|------------------------------|----------|
    4   |  1 | -0.00000   0.00000   0.00000 |  0.00000 |  0.00000   0.00000  -0.00000 |  0.00000 |
        |  2 | -0.00000   0.00000   0.00000 |  0.00000 | -0.00000   0.00000   0.00000 |  0.00000 |
--------|----|------------------------------|----------|------------------------------|----------|

%%%%%%%%%%%%%%%%%%%%%%%%%%%%%%%%%%%%%%%%%%%%%%%%%%%%%%%%%%%%%%%%%%%%%%%%%%%%%%%%%%%%%%%%%%%%%%%
                                   CALCULATION OF THE MAGNETIC SUSCEPTIBILITY
%%%%%%%%%%%%%%%%%%%%%%%%%%%%%%%%%%%%%%%%%%%%%%%%%%%%%%%%%%%%%%%%%%%%%%%%%%%%%%%%%%%%%%%%%%%%%%%

  Temperature dependence of the magnetic susceptibility will be calculated in107 points, 
  equally distributed in temperature range  0.0 --- 300.0 K.

----------------------------------------------------------------------------------------|
     |     T      | STATISTICAL |     X*T     |     X*T     |      X      |     1/X     |
     |            |  SUM (Z)    |    (zJ=0)   |             |             |             |
-----|----------------------------------------------------------------------------------|
Units|   Kelvin   |    ---      |  cm3*K/mol  |  cm3*K/mol  |   cm3/mol   |   mol/cm3   |
-----|----------------------------------------------------------------------------------|
     |   0.000100 | 0.18884E+01 |  0.50154932 |  0.50154932 | 0.50155E+04 | 0.19938E-03 |
     |   3.000000 | 0.39211E+01 |  0.75904702 |  0.75904702 | 0.25302E+00 | 0.39523E+01 |
     |   6.000000 | 0.39601E+01 |  0.75464216 |  0.75464216 | 0.12577E+00 | 0.79508E+01 |
     |   9.000000 | 0.39733E+01 |  0.75316143 |  0.75316143 | 0.83685E-01 | 0.11950E+02 |
     |  12.000000 | 0.39799E+01 |  0.75241937 |  0.75241937 | 0.62702E-01 | 0.15949E+02 |
     |  15.000000 | 0.39839E+01 |  0.75197400 |  0.75197400 | 0.50132E-01 | 0.19947E+02 |
     |  18.000000 | 0.39866E+01 |  0.75167731 |  0.75167731 | 0.41760E-01 | 0.23946E+02 |
     |  21.000000 | 0.39885E+01 |  0.75146570 |  0.75146570 | 0.35784E-01 | 0.27945E+02 |
     |  24.000000 | 0.39899E+01 |  0.75130733 |  0.75130733 | 0.31304E-01 | 0.31944E+02 |
     |  27.000000 | 0.39910E+01 |  0.75118447 |  0.75118447 | 0.27822E-01 | 0.35943E+02 |
     |  30.000000 | 0.39919E+01 |  0.75108649 |  0.75108649 | 0.25036E-01 | 0.39942E+02 |
     |  33.000000 | 0.39927E+01 |  0.75100660 |  0.75100660 | 0.22758E-01 | 0.43941E+02 |
     |  36.000000 | 0.39933E+01 |  0.75094030 |  0.75094030 | 0.20859E-01 | 0.47940E+02 |
     |  39.000000 | 0.39938E+01 |  0.75088444 |  0.75088444 | 0.19253E-01 | 0.51939E+02 |
     |  42.000000 | 0.39942E+01 |  0.75083680 |  0.75083680 | 0.17877E-01 | 0.55938E+02 |
     |  45.000000 | 0.39946E+01 |  0.75079572 |  0.75079572 | 0.16684E-01 | 0.59936E+02 |
     |  48.000000 | 0.39950E+01 |  0.75075999 |  0.75075999 | 0.15641E-01 | 0.63935E+02 |
     |  51.000000 | 0.39953E+01 |  0.75072866 |  0.75072866 | 0.14720E-01 | 0.67934E+02 |
     |  54.000000 | 0.39955E+01 |  0.75070099 |  0.75070099 | 0.13902E-01 | 0.71933E+02 |
     |  57.000000 | 0.39958E+01 |  0.75067640 |  0.75067640 | 0.13170E-01 | 0.75932E+02 |
     |  60.000000 | 0.39960E+01 |  0.75065445 |  0.75065445 | 0.12511E-01 | 0.79930E+02 |
     |  63.000000 | 0.39962E+01 |  0.75063474 |  0.75063474 | 0.11915E-01 | 0.83929E+02 |
     |  66.000000 | 0.39963E+01 |  0.75061698 |  0.75061698 | 0.11373E-01 | 0.87928E+02 |
     |  69.000000 | 0.39965E+01 |  0.75060090 |  0.75060090 | 0.10878E-01 | 0.91926E+02 |
     |  72.000000 | 0.39966E+01 |  0.75058631 |  0.75058631 | 0.10425E-01 | 0.95925E+02 |
     |  75.000000 | 0.39968E+01 |  0.75057301 |  0.75057301 | 0.10008E-01 | 0.99924E+02 |
     |  78.000000 | 0.39969E+01 |  0.75056087 |  0.75056087 | 0.96226E-02 | 0.10392E+03 |
     |  81.000000 | 0.39970E+01 |  0.75054975 |  0.75054975 | 0.92660E-02 | 0.10792E+03 |
     |  84.000000 | 0.39971E+01 |  0.75053955 |  0.75053955 | 0.89350E-02 | 0.11192E+03 |
     |  87.000000 | 0.39972E+01 |  0.75053016 |  0.75053016 | 0.86268E-02 | 0.11592E+03 |
     |  90.000000 | 0.39973E+01 |  0.75052151 |  0.75052151 | 0.83391E-02 | 0.11992E+03 |
     |  93.000000 | 0.39974E+01 |  0.75051353 |  0.75051353 | 0.80700E-02 | 0.12392E+03 |
     |  96.000000 | 0.39975E+01 |  0.75050615 |  0.75050615 | 0.78178E-02 | 0.12791E+03 |
     |  99.000000 | 0.39976E+01 |  0.75049932 |  0.75049932 | 0.75808E-02 | 0.13191E+03 |
     | 102.000000 | 0.39976E+01 |  0.75049300 |  0.75049300 | 0.73578E-02 | 0.13591E+03 |
     | 105.000000 | 0.39977E+01 |  0.75048713 |  0.75048713 | 0.71475E-02 | 0.13991E+03 |
     | 108.000000 | 0.39978E+01 |  0.75048167 |  0.75048167 | 0.69489E-02 | 0.14391E+03 |
     | 111.000000 | 0.39978E+01 |  0.75047661 |  0.75047661 | 0.67611E-02 | 0.14791E+03 |
     | 114.000000 | 0.39979E+01 |  0.75047190 |  0.75047190 | 0.65831E-02 | 0.15190E+03 |
     | 117.000000 | 0.39979E+01 |  0.75046751 |  0.75046751 | 0.64143E-02 | 0.15590E+03 |
     | 120.000000 | 0.39980E+01 |  0.75046343 |  0.75046343 | 0.62539E-02 | 0.15990E+03 |
     | 123.000000 | 0.39980E+01 |  0.75045963 |  0.75045963 | 0.61013E-02 | 0.16390E+03 |
     | 126.000000 | 0.39981E+01 |  0.75045610 |  0.75045610 | 0.59560E-02 | 0.16790E+03 |
     | 129.000000 | 0.39981E+01 |  0.75045280 |  0.75045280 | 0.58175E-02 | 0.17190E+03 |
     | 132.000000 | 0.39982E+01 |  0.75044973 |  0.75044973 | 0.56852E-02 | 0.17589E+03 |
     | 135.000000 | 0.39982E+01 |  0.75044687 |  0.75044687 | 0.55589E-02 | 0.17989E+03 |
     | 138.000000 | 0.39982E+01 |  0.75044421 |  0.75044421 | 0.54380E-02 | 0.18389E+03 |
     | 141.000000 | 0.39983E+01 |  0.75044174 |  0.75044174 | 0.53223E-02 | 0.18789E+03 |
     | 144.000000 | 0.39983E+01 |  0.75043943 |  0.75043943 | 0.52114E-02 | 0.19189E+03 |
     | 147.000000 | 0.39984E+01 |  0.75043729 |  0.75043729 | 0.51050E-02 | 0.19589E+03 |
     | 150.000000 | 0.39984E+01 |  0.75043531 |  0.75043531 | 0.50029E-02 | 0.19988E+03 |
     | 153.000000 | 0.39984E+01 |  0.75043346 |  0.75043346 | 0.49048E-02 | 0.20388E+03 |
     | 156.000000 | 0.39984E+01 |  0.75043175 |  0.75043175 | 0.48105E-02 | 0.20788E+03 |
     | 159.000000 | 0.39985E+01 |  0.75043017 |  0.75043017 | 0.47197E-02 | 0.21188E+03 |
     | 162.000000 | 0.39985E+01 |  0.75042872 |  0.75042872 | 0.46323E-02 | 0.21588E+03 |
     | 165.000000 | 0.39985E+01 |  0.75042737 |  0.75042737 | 0.45480E-02 | 0.21987E+03 |
     | 168.000000 | 0.39986E+01 |  0.75042613 |  0.75042613 | 0.44668E-02 | 0.22387E+03 |
     | 171.000000 | 0.39986E+01 |  0.75042500 |  0.75042500 | 0.43885E-02 | 0.22787E+03 |
     | 174.000000 | 0.39986E+01 |  0.75042396 |  0.75042396 | 0.43128E-02 | 0.23187E+03 |
     | 177.000000 | 0.39986E+01 |  0.75042302 |  0.75042302 | 0.42397E-02 | 0.23587E+03 |
     | 180.000000 | 0.39987E+01 |  0.75042216 |  0.75042216 | 0.41690E-02 | 0.23986E+03 |
     | 183.000000 | 0.39987E+01 |  0.75042138 |  0.75042138 | 0.41007E-02 | 0.24386E+03 |
     | 186.000000 | 0.39987E+01 |  0.75042069 |  0.75042069 | 0.40345E-02 | 0.24786E+03 |
     | 189.000000 | 0.39987E+01 |  0.75042007 |  0.75042007 | 0.39705E-02 | 0.25186E+03 |
     | 192.000000 | 0.39987E+01 |  0.75041952 |  0.75041952 | 0.39084E-02 | 0.25586E+03 |
     | 195.000000 | 0.39988E+01 |  0.75041904 |  0.75041904 | 0.38483E-02 | 0.25985E+03 |
     | 198.000000 | 0.39988E+01 |  0.75041863 |  0.75041863 | 0.37900E-02 | 0.26385E+03 |
     | 201.000000 | 0.39988E+01 |  0.75041828 |  0.75041828 | 0.37334E-02 | 0.26785E+03 |
     | 204.000000 | 0.39988E+01 |  0.75041799 |  0.75041799 | 0.36785E-02 | 0.27185E+03 |
     | 207.000000 | 0.39988E+01 |  0.75041775 |  0.75041775 | 0.36252E-02 | 0.27585E+03 |
     | 210.000000 | 0.39988E+01 |  0.75041757 |  0.75041757 | 0.35734E-02 | 0.27984E+03 |
     | 213.000000 | 0.39989E+01 |  0.75041745 |  0.75041745 | 0.35231E-02 | 0.28384E+03 |
     | 216.000000 | 0.39989E+01 |  0.75041737 |  0.75041737 | 0.34742E-02 | 0.28784E+03 |
     | 219.000000 | 0.39989E+01 |  0.75041734 |  0.75041734 | 0.34266E-02 | 0.29184E+03 |
     | 222.000000 | 0.39989E+01 |  0.75041736 |  0.75041736 | 0.33803E-02 | 0.29584E+03 |
     | 225.000000 | 0.39989E+01 |  0.75041742 |  0.75041742 | 0.33352E-02 | 0.29983E+03 |
     | 228.000000 | 0.39989E+01 |  0.75041752 |  0.75041752 | 0.32913E-02 | 0.30383E+03 |
     | 231.000000 | 0.39990E+01 |  0.75041767 |  0.75041767 | 0.32486E-02 | 0.30783E+03 |
     | 234.000000 | 0.39990E+01 |  0.75041786 |  0.75041786 | 0.32069E-02 | 0.31183E+03 |
     | 237.000000 | 0.39990E+01 |  0.75041808 |  0.75041808 | 0.31663E-02 | 0.31582E+03 |
     | 240.000000 | 0.39990E+01 |  0.75041834 |  0.75041834 | 0.31267E-02 | 0.31982E+03 |
     | 243.000000 | 0.39990E+01 |  0.75041863 |  0.75041863 | 0.30881E-02 | 0.32382E+03 |
     | 246.000000 | 0.39990E+01 |  0.75041896 |  0.75041896 | 0.30505E-02 | 0.32782E+03 |
     | 249.000000 | 0.39990E+01 |  0.75041932 |  0.75041932 | 0.30137E-02 | 0.33181E+03 |
     | 252.000000 | 0.39990E+01 |  0.75041971 |  0.75041971 | 0.29779E-02 | 0.33581E+03 |
     | 255.000000 | 0.39991E+01 |  0.75042014 |  0.75042014 | 0.29428E-02 | 0.33981E+03 |
     | 258.000000 | 0.39991E+01 |  0.75042059 |  0.75042059 | 0.29086E-02 | 0.34381E+03 |
     | 261.000000 | 0.39991E+01 |  0.75042107 |  0.75042107 | 0.28752E-02 | 0.34780E+03 |
     | 264.000000 | 0.39991E+01 |  0.75042158 |  0.75042158 | 0.28425E-02 | 0.35180E+03 |
     | 267.000000 | 0.39991E+01 |  0.75042211 |  0.75042211 | 0.28106E-02 | 0.35580E+03 |
     | 270.000000 | 0.39991E+01 |  0.75042267 |  0.75042267 | 0.27793E-02 | 0.35980E+03 |
     | 273.000000 | 0.39991E+01 |  0.75042325 |  0.75042325 | 0.27488E-02 | 0.36379E+03 |
     | 276.000000 | 0.39991E+01 |  0.75042386 |  0.75042386 | 0.27189E-02 | 0.36779E+03 |
     | 279.000000 | 0.39991E+01 |  0.75042449 |  0.75042449 | 0.26897E-02 | 0.37179E+03 |
     | 282.000000 | 0.39991E+01 |  0.75042515 |  0.75042515 | 0.26611E-02 | 0.37579E+03 |
     | 285.000000 | 0.39992E+01 |  0.75042582 |  0.75042582 | 0.26331E-02 | 0.37978E+03 |
     | 288.000000 | 0.39992E+01 |  0.75042652 |  0.75042652 | 0.26056E-02 | 0.38378E+03 |
     | 291.000000 | 0.39992E+01 |  0.75042724 |  0.75042724 | 0.25788E-02 | 0.38778E+03 |
     | 294.000000 | 0.39992E+01 |  0.75042797 |  0.75042797 | 0.25525E-02 | 0.39178E+03 |
     | 297.000000 | 0.39992E+01 |  0.75042873 |  0.75042873 | 0.25267E-02 | 0.39577E+03 |
     | 300.000000 | 0.39992E+01 |  0.75042950 |  0.75042950 | 0.25014E-02 | 0.39977E+03 |
-----|----------------------------------------------------------------------------------|


--------------------------------------------------------------------------------------------------------------|
                               VAN VLECK SUSCEPTIBILITY TENSOR FOR zJ = 0,  in cm3*K/mol                      |
--------------------------------------------------------------------------------------------------------------|
     T(K)   |   |          SUSCEPTIBILITY TENSOR      |    MAIN VALUES  |               MAIN AXES             |
------------|---|------- x --------- y --------- z ---|-----------------|------ x --------- y --------- z ----|
            | x |    0.001981   -0.000108    0.000000 |  X:    0.001914 | -0.84653373 -0.53233508 -0.00000000 |
   0.000100 | y |   -0.000108    0.002085   -0.000000 |  Y:    0.002153 |  0.53233508 -0.84653373 -0.00000000 |
            | z |    0.000000   -0.000000    1.500582 |  Z:    1.500582 |  0.00000000 -0.00000000  1.00000000 |
------------|---|------- x --------- y --------- z ---|-----------------|------ x --------- y --------- z ----|
            | x |    0.755953    0.000160    0.000000 |  X:    0.755699 |  0.53233508 -0.84653373 -0.00000000 |
   3.000000 | y |    0.000160    0.755799    0.000000 |  Y:    0.756053 | -0.84653373 -0.53233508  0.00000000 |
            | z |    0.000000    0.000000    0.765389 |  Z:    0.765389 |  0.00000000  0.00000000  1.00000000 |
------------|---|------- x --------- y --------- z ---|-----------------|------ x --------- y --------- z ----|
            | x |    0.753113    0.000157    0.000000 |  X:    0.752863 |  0.53233508 -0.84653373 -0.00000000 |
   6.000000 | y |    0.000157    0.752961    0.000000 |  Y:    0.753211 | -0.84653373 -0.53233508  0.00000000 |
            | z |    0.000000    0.000000    0.757853 |  Z:    0.757853 |  0.00000000  0.00000000  1.00000000 |
------------|---|------- x --------- y --------- z ---|-----------------|------ x --------- y --------- z ----|
            | x |    0.752149    0.000155    0.000000 |  X:    0.751903 |  0.53233508 -0.84653373  0.00000000 |
   9.000000 | y |    0.000155    0.752000    0.000000 |  Y:    0.752247 |  0.84653373  0.53233508 -0.00000000 |
            | z |    0.000000    0.000000    0.755335 |  Z:    0.755335 |  0.00000000  0.00000000  1.00000000 |
------------|---|------- x --------- y --------- z ---|-----------------|------ x --------- y --------- z ----|
            | x |    0.751665    0.000153    0.000000 |  X:    0.751423 |  0.53233508 -0.84653373  0.00000000 |
  12.000000 | y |    0.000153    0.751518    0.000000 |  Y:    0.751761 |  0.84653373  0.53233508 -0.00000000 |
            | z |    0.000000    0.000000    0.754075 |  Z:    0.754075 |  0.00000000  0.00000000  1.00000000 |
------------|---|------- x --------- y --------- z ---|-----------------|------ x --------- y --------- z ----|
            | x |    0.751374    0.000150    0.000000 |  X:    0.751135 |  0.53233508 -0.84653373  0.00000000 |
  15.000000 | y |    0.000150    0.751230    0.000000 |  Y:    0.751468 |  0.84653373  0.53233508 -0.00000000 |
            | z |    0.000000    0.000000    0.753318 |  Z:    0.753318 |  0.00000000  0.00000000  1.00000000 |
------------|---|------- x --------- y --------- z ---|-----------------|------ x --------- y --------- z ----|
            | x |    0.751180    0.000148    0.000000 |  X:    0.750945 |  0.53233508 -0.84653373  0.00000000 |
  18.000000 | y |    0.000148    0.751038    0.000000 |  Y:    0.751273 |  0.84653373  0.53233508 -0.00000000 |
            | z |    0.000000    0.000000    0.752814 |  Z:    0.752814 |  0.00000000  0.00000000  1.00000000 |
------------|---|------- x --------- y --------- z ---|-----------------|------ x --------- y --------- z ----|
            | x |    0.751042    0.000146    0.000000 |  X:    0.750810 |  0.53233508 -0.84653373  0.00000000 |
  21.000000 | y |    0.000146    0.750902    0.000000 |  Y:    0.751133 |  0.84653373  0.53233508 -0.00000000 |
            | z |    0.000000    0.000000    0.752454 |  Z:    0.752454 |  0.00000000  0.00000000  1.00000000 |
------------|---|------- x --------- y --------- z ---|-----------------|------ x --------- y --------- z ----|
            | x |    0.750938    0.000143    0.000000 |  X:    0.750710 |  0.53233508 -0.84653373  0.00000000 |
  24.000000 | y |    0.000143    0.750800    0.000000 |  Y:    0.751028 |  0.84653373  0.53233508 -0.00000000 |
            | z |    0.000000    0.000000    0.752183 |  Z:    0.752183 |  0.00000000  0.00000000  1.00000000 |
------------|---|------- x --------- y --------- z ---|-----------------|------ x --------- y --------- z ----|
            | x |    0.750858    0.000141    0.000000 |  X:    0.750634 |  0.53233508 -0.84653373  0.00000000 |
  27.000000 | y |    0.000141    0.750722    0.000000 |  Y:    0.750947 |  0.84653373  0.53233508 -0.00000000 |
            | z |    0.000000    0.000000    0.751973 |  Z:    0.751973 |  0.00000000  0.00000000  1.00000000 |
------------|---|------- x --------- y --------- z ---|-----------------|------ x --------- y --------- z ----|
            | x |    0.750794    0.000139    0.000000 |  X:    0.750573 |  0.53233508 -0.84653373  0.00000000 |
  30.000000 | y |    0.000139    0.750661    0.000000 |  Y:    0.750881 |  0.84653373  0.53233508 -0.00000000 |
            | z |    0.000000    0.000000    0.751805 |  Z:    0.751805 |  0.00000000  0.00000000  1.00000000 |
------------|---|------- x --------- y --------- z ---|-----------------|------ x --------- y --------- z ----|
            | x |    0.750742    0.000137    0.000000 |  X:    0.750525 |  0.53233508 -0.84653373  0.00000000 |
  33.000000 | y |    0.000137    0.750611    0.000000 |  Y:    0.750828 |  0.84653373  0.53233508 -0.00000000 |
            | z |    0.000000    0.000000    0.751667 |  Z:    0.751667 |  0.00000000  0.00000000  1.00000000 |
------------|---|------- x --------- y --------- z ---|-----------------|------ x --------- y --------- z ----|
            | x |    0.750699    0.000134    0.000000 |  X:    0.750485 |  0.53233508 -0.84653373  0.00000000 |
  36.000000 | y |    0.000134    0.750570    0.000000 |  Y:    0.750783 |  0.84653373  0.53233508 -0.00000000 |
            | z |    0.000000    0.000000    0.751553 |  Z:    0.751553 |  0.00000000  0.00000000  1.00000000 |
------------|---|------- x --------- y --------- z ---|-----------------|------ x --------- y --------- z ----|
            | x |    0.750662    0.000132    0.000000 |  X:    0.750452 |  0.53233508 -0.84653373  0.00000000 |
  39.000000 | y |    0.000132    0.750535    0.000000 |  Y:    0.750745 |  0.84653373  0.53233508 -0.00000000 |
            | z |    0.000000    0.000000    0.751456 |  Z:    0.751456 |  0.00000000  0.00000000  1.00000000 |
------------|---|------- x --------- y --------- z ---|-----------------|------ x --------- y --------- z ----|
            | x |    0.750631    0.000130    0.000000 |  X:    0.750425 |  0.53233508 -0.84653373  0.00000000 |
  42.000000 | y |    0.000130    0.750507    0.000000 |  Y:    0.750713 |  0.84653373  0.53233508 -0.00000000 |
            | z |    0.000000    0.000000    0.751372 |  Z:    0.751372 |  0.00000000  0.00000000  1.00000000 |
------------|---|------- x --------- y --------- z ---|-----------------|------ x --------- y --------- z ----|
            | x |    0.750605    0.000127    0.000000 |  X:    0.750402 |  0.53233508 -0.84653373  0.00000000 |
  45.000000 | y |    0.000127    0.750482    0.000000 |  Y:    0.750685 |  0.84653373  0.53233508 -0.00000000 |
            | z |    0.000000    0.000000    0.751300 |  Z:    0.751300 |  0.00000000  0.00000000  1.00000000 |
------------|---|------- x --------- y --------- z ---|-----------------|------ x --------- y --------- z ----|
            | x |    0.750581    0.000125    0.000000 |  X:    0.750383 |  0.53233508 -0.84653373  0.00000000 |
  48.000000 | y |    0.000125    0.750461    0.000000 |  Y:    0.750660 |  0.84653373  0.53233508 -0.00000000 |
            | z |    0.000000    0.000000    0.751237 |  Z:    0.751237 |  0.00000000  0.00000000  1.00000000 |
------------|---|------- x --------- y --------- z ---|-----------------|------ x --------- y --------- z ----|
            | x |    0.750561    0.000123    0.000000 |  X:    0.750366 |  0.53233508 -0.84653373  0.00000000 |
  51.000000 | y |    0.000123    0.750443    0.000000 |  Y:    0.750638 |  0.84653373  0.53233508 -0.00000000 |
            | z |    0.000000    0.000000    0.751182 |  Z:    0.751182 |  0.00000000  0.00000000  1.00000000 |
------------|---|------- x --------- y --------- z ---|-----------------|------ x --------- y --------- z ----|
            | x |    0.750543    0.000121    0.000000 |  X:    0.750352 |  0.53233508 -0.84653373  0.00000000 |
  54.000000 | y |    0.000121    0.750427    0.000000 |  Y:    0.750619 |  0.84653373  0.53233508 -0.00000000 |
            | z |    0.000000    0.000000    0.751132 |  Z:    0.751132 |  0.00000000  0.00000000  1.00000000 |
------------|---|------- x --------- y --------- z ---|-----------------|------ x --------- y --------- z ----|
            | x |    0.750528    0.000118    0.000000 |  X:    0.750339 |  0.53233508 -0.84653373  0.00000000 |
  57.000000 | y |    0.000118    0.750414    0.000000 |  Y:    0.750602 |  0.84653373  0.53233508 -0.00000000 |
            | z |    0.000000    0.000000    0.751088 |  Z:    0.751088 |  0.00000000  0.00000000  1.00000000 |
------------|---|------- x --------- y --------- z ---|-----------------|------ x --------- y --------- z ----|
            | x |    0.750513    0.000116    0.000000 |  X:    0.750329 |  0.53233508 -0.84653373  0.00000000 |
  60.000000 | y |    0.000116    0.750402    0.000000 |  Y:    0.750586 |  0.84653373  0.53233508 -0.00000000 |
            | z |    0.000000    0.000000    0.751048 |  Z:    0.751048 |  0.00000000  0.00000000  1.00000000 |
------------|---|------- x --------- y --------- z ---|-----------------|------ x --------- y --------- z ----|
            | x |    0.750501    0.000114    0.000000 |  X:    0.750320 |  0.53233508 -0.84653373  0.00000000 |
  63.000000 | y |    0.000114    0.750391    0.000000 |  Y:    0.750572 |  0.84653373  0.53233508 -0.00000000 |
            | z |    0.000000    0.000000    0.751012 |  Z:    0.751012 |  0.00000000  0.00000000  1.00000000 |
------------|---|------- x --------- y --------- z ---|-----------------|------ x --------- y --------- z ----|
            | x |    0.750489    0.000111    0.000000 |  X:    0.750312 |  0.53233508 -0.84653373  0.00000000 |
  66.000000 | y |    0.000111    0.750382    0.000000 |  Y:    0.750560 |  0.84653373  0.53233508 -0.00000000 |
            | z |    0.000000    0.000000    0.750979 |  Z:    0.750979 |  0.00000000  0.00000000  1.00000000 |
------------|---|------- x --------- y --------- z ---|-----------------|------ x --------- y --------- z ----|
            | x |    0.750479    0.000109    0.000000 |  X:    0.750306 |  0.53233508 -0.84653373  0.00000000 |
  69.000000 | y |    0.000109    0.750374    0.000000 |  Y:    0.750548 |  0.84653373  0.53233508 -0.00000000 |
            | z |    0.000000    0.000000    0.750949 |  Z:    0.750949 |  0.00000000  0.00000000  1.00000000 |
------------|---|------- x --------- y --------- z ---|-----------------|------ x --------- y --------- z ----|
            | x |    0.750470    0.000107    0.000000 |  X:    0.750300 |  0.53233508 -0.84653373  0.00000000 |
  72.000000 | y |    0.000107    0.750367    0.000000 |  Y:    0.750537 |  0.84653373  0.53233508 -0.00000000 |
            | z |    0.000000    0.000000    0.750922 |  Z:    0.750922 |  0.00000000  0.00000000  1.00000000 |
------------|---|------- x --------- y --------- z ---|-----------------|------ x --------- y --------- z ----|
            | x |    0.750462    0.000105    0.000000 |  X:    0.750295 |  0.53233508 -0.84653373  0.00000000 |
  75.000000 | y |    0.000105    0.750361    0.000000 |  Y:    0.750527 |  0.84653373  0.53233508 -0.00000000 |
            | z |    0.000000    0.000000    0.750897 |  Z:    0.750897 |  0.00000000  0.00000000  1.00000000 |
------------|---|------- x --------- y --------- z ---|-----------------|------ x --------- y --------- z ----|
            | x |    0.750454    0.000102    0.000000 |  X:    0.750291 |  0.53233508 -0.84653373  0.00000000 |
  78.000000 | y |    0.000102    0.750355    0.000000 |  Y:    0.750518 |  0.84653373  0.53233508 -0.00000000 |
            | z |    0.000000    0.000000    0.750873 |  Z:    0.750873 |  0.00000000  0.00000000  1.00000000 |
------------|---|------- x --------- y --------- z ---|-----------------|------ x --------- y --------- z ----|
            | x |    0.750447    0.000100    0.000000 |  X:    0.750288 |  0.53233508 -0.84653373  0.00000000 |
  81.000000 | y |    0.000100    0.750351    0.000000 |  Y:    0.750510 |  0.84653373  0.53233508 -0.00000000 |
            | z |    0.000000    0.000000    0.750852 |  Z:    0.750852 |  0.00000000  0.00000000  1.00000000 |
------------|---|------- x --------- y --------- z ---|-----------------|------ x --------- y --------- z ----|
            | x |    0.750440    0.000098    0.000000 |  X:    0.750285 |  0.53233508 -0.84653373  0.00000000 |
  84.000000 | y |    0.000098    0.750346    0.000000 |  Y:    0.750502 |  0.84653373  0.53233508 -0.00000000 |
            | z |    0.000000    0.000000    0.750832 |  Z:    0.750832 |  0.00000000  0.00000000  1.00000000 |
------------|---|------- x --------- y --------- z ---|-----------------|------ x --------- y --------- z ----|
            | x |    0.750435    0.000096    0.000000 |  X:    0.750283 |  0.53233508 -0.84653373  0.00000000 |
  87.000000 | y |    0.000096    0.750343    0.000000 |  Y:    0.750495 |  0.84653373  0.53233508 -0.00000000 |
            | z |    0.000000    0.000000    0.750813 |  Z:    0.750813 |  0.00000000  0.00000000  1.00000000 |
------------|---|------- x --------- y --------- z ---|-----------------|------ x --------- y --------- z ----|
            | x |    0.750429    0.000093    0.000000 |  X:    0.750281 |  0.53233508 -0.84653373  0.00000000 |
  90.000000 | y |    0.000093    0.750340    0.000000 |  Y:    0.750488 |  0.84653373  0.53233508 -0.00000000 |
            | z |    0.000000    0.000000    0.750796 |  Z:    0.750796 |  0.00000000  0.00000000  1.00000000 |
------------|---|------- x --------- y --------- z ---|-----------------|------ x --------- y --------- z ----|
            | x |    0.750424    0.000091    0.000000 |  X:    0.750280 |  0.53233508 -0.84653373  0.00000000 |
  93.000000 | y |    0.000091    0.750337    0.000000 |  Y:    0.750482 |  0.84653373  0.53233508 -0.00000000 |
            | z |    0.000000    0.000000    0.750779 |  Z:    0.750779 |  0.00000000  0.00000000  1.00000000 |
------------|---|------- x --------- y --------- z ---|-----------------|------ x --------- y --------- z ----|
            | x |    0.750420    0.000089    0.000000 |  X:    0.750279 |  0.53233508 -0.84653373  0.00000000 |
  96.000000 | y |    0.000089    0.750335    0.000000 |  Y:    0.750476 |  0.84653373  0.53233508 -0.00000000 |
            | z |    0.000000    0.000000    0.750764 |  Z:    0.750764 |  0.00000000  0.00000000  1.00000000 |
------------|---|------- x --------- y --------- z ---|-----------------|------ x --------- y --------- z ----|
            | x |    0.750416    0.000086    0.000000 |  X:    0.750278 |  0.53233508 -0.84653373  0.00000000 |
  99.000000 | y |    0.000086    0.750333    0.000000 |  Y:    0.750470 |  0.84653373  0.53233508 -0.00000000 |
            | z |    0.000000    0.000000    0.750750 |  Z:    0.750750 |  0.00000000  0.00000000  1.00000000 |
------------|---|------- x --------- y --------- z ---|-----------------|------ x --------- y --------- z ----|
            | x |    0.750412    0.000084    0.000000 |  X:    0.750278 |  0.53233508 -0.84653373  0.00000000 |
 102.000000 | y |    0.000084    0.750331    0.000000 |  Y:    0.750465 |  0.84653373  0.53233508 -0.00000000 |
            | z |    0.000000    0.000000    0.750736 |  Z:    0.750736 |  0.00000000  0.00000000  1.00000000 |
------------|---|------- x --------- y --------- z ---|-----------------|------ x --------- y --------- z ----|
            | x |    0.750408    0.000082    0.000000 |  X:    0.750278 |  0.53233508 -0.84653373  0.00000000 |
 105.000000 | y |    0.000082    0.750330    0.000000 |  Y:    0.750460 |  0.84653373  0.53233508 -0.00000000 |
            | z |    0.000000    0.000000    0.750724 |  Z:    0.750724 |  0.00000000  0.00000000  1.00000000 |
------------|---|------- x --------- y --------- z ---|-----------------|------ x --------- y --------- z ----|
            | x |    0.750405    0.000080    0.000000 |  X:    0.750278 |  0.53233508 -0.84653373  0.00000000 |
 108.000000 | y |    0.000080    0.750328    0.000000 |  Y:    0.750455 |  0.84653373  0.53233508 -0.00000000 |
            | z |    0.000000    0.000000    0.750711 |  Z:    0.750711 |  0.00000000  0.00000000  1.00000000 |
------------|---|------- x --------- y --------- z ---|-----------------|------ x --------- y --------- z ----|
            | x |    0.750402    0.000077    0.000000 |  X:    0.750279 |  0.53233508 -0.84653373  0.00000000 |
 111.000000 | y |    0.000077    0.750328    0.000000 |  Y:    0.750451 |  0.84653373  0.53233508 -0.00000000 |
            | z |    0.000000    0.000000    0.750700 |  Z:    0.750700 |  0.00000000  0.00000000  1.00000000 |
------------|---|------- x --------- y --------- z ---|-----------------|------ x --------- y --------- z ----|
            | x |    0.750399    0.000075    0.000000 |  X:    0.750280 |  0.53233508 -0.84653373  0.00000000 |
 114.000000 | y |    0.000075    0.750327    0.000000 |  Y:    0.750446 |  0.84653373  0.53233508 -0.00000000 |
            | z |    0.000000    0.000000    0.750689 |  Z:    0.750689 |  0.00000000  0.00000000  1.00000000 |
------------|---|------- x --------- y --------- z ---|-----------------|------ x --------- y --------- z ----|
            | x |    0.750397    0.000073    0.000000 |  X:    0.750281 |  0.53233508 -0.84653373  0.00000000 |
 117.000000 | y |    0.000073    0.750327    0.000000 |  Y:    0.750442 |  0.84653373  0.53233508 -0.00000000 |
            | z |    0.000000    0.000000    0.750679 |  Z:    0.750679 |  0.00000000  0.00000000  1.00000000 |
------------|---|------- x --------- y --------- z ---|-----------------|------ x --------- y --------- z ----|
            | x |    0.750394    0.000071    0.000000 |  X:    0.750282 |  0.53233509 -0.84653373  0.00000000 |
 120.000000 | y |    0.000071    0.750327    0.000000 |  Y:    0.750439 |  0.84653373  0.53233509 -0.00000000 |
            | z |    0.000000    0.000000    0.750669 |  Z:    0.750669 |  0.00000000  0.00000000  1.00000000 |
------------|---|------- x --------- y --------- z ---|-----------------|------ x --------- y --------- z ----|
            | x |    0.750392    0.000068    0.000000 |  X:    0.750284 |  0.53233509 -0.84653373  0.00000000 |
 123.000000 | y |    0.000068    0.750327    0.000000 |  Y:    0.750435 |  0.84653373  0.53233509 -0.00000000 |
            | z |    0.000000    0.000000    0.750660 |  Z:    0.750660 |  0.00000000  0.00000000  1.00000000 |
------------|---|------- x --------- y --------- z ---|-----------------|------ x --------- y --------- z ----|
            | x |    0.750390    0.000066    0.000000 |  X:    0.750285 |  0.53233509 -0.84653373  0.00000000 |
 126.000000 | y |    0.000066    0.750327    0.000000 |  Y:    0.750432 |  0.84653373  0.53233509 -0.00000000 |
            | z |    0.000000    0.000000    0.750651 |  Z:    0.750651 |  0.00000000  0.00000000  1.00000000 |
------------|---|------- x --------- y --------- z ---|-----------------|------ x --------- y --------- z ----|
            | x |    0.750388    0.000064    0.000000 |  X:    0.750287 |  0.53233509 -0.84653373  0.00000000 |
 129.000000 | y |    0.000064    0.750327    0.000000 |  Y:    0.750428 |  0.84653373  0.53233509 -0.00000000 |
            | z |    0.000000    0.000000    0.750643 |  Z:    0.750643 |  0.00000000  0.00000000  1.00000000 |
------------|---|------- x --------- y --------- z ---|-----------------|------ x --------- y --------- z ----|
            | x |    0.750387    0.000061    0.000000 |  X:    0.750289 |  0.53233509 -0.84653373  0.00000000 |
 132.000000 | y |    0.000061    0.750328    0.000000 |  Y:    0.750425 |  0.84653373  0.53233509 -0.00000000 |
            | z |    0.000000    0.000000    0.750635 |  Z:    0.750635 |  0.00000000  0.00000000  1.00000000 |
------------|---|------- x --------- y --------- z ---|-----------------|------ x --------- y --------- z ----|
            | x |    0.750385    0.000059    0.000000 |  X:    0.750291 |  0.53233509 -0.84653373  0.00000000 |
 135.000000 | y |    0.000059    0.750328    0.000000 |  Y:    0.750422 |  0.84653373  0.53233509 -0.00000000 |
            | z |    0.000000    0.000000    0.750627 |  Z:    0.750627 |  0.00000000  0.00000000  1.00000000 |
------------|---|------- x --------- y --------- z ---|-----------------|------ x --------- y --------- z ----|
            | x |    0.750384    0.000057    0.000000 |  X:    0.750293 |  0.53233509 -0.84653373  0.00000000 |
 138.000000 | y |    0.000057    0.750329    0.000000 |  Y:    0.750419 |  0.84653373  0.53233509 -0.00000000 |
            | z |    0.000000    0.000000    0.750620 |  Z:    0.750620 |  0.00000000  0.00000000  1.00000000 |
------------|---|------- x --------- y --------- z ---|-----------------|------ x --------- y --------- z ----|
            | x |    0.750382    0.000055    0.000000 |  X:    0.750296 |  0.53233509 -0.84653373  0.00000000 |
 141.000000 | y |    0.000055    0.750330    0.000000 |  Y:    0.750417 |  0.84653373  0.53233509 -0.00000000 |
            | z |    0.000000    0.000000    0.750613 |  Z:    0.750613 |  0.00000000  0.00000000  1.00000000 |
------------|---|------- x --------- y --------- z ---|-----------------|------ x --------- y --------- z ----|
            | x |    0.750381    0.000052    0.000000 |  X:    0.750298 |  0.53233509 -0.84653373  0.00000000 |
 144.000000 | y |    0.000052    0.750331    0.000000 |  Y:    0.750414 |  0.84653373  0.53233509 -0.00000000 |
            | z |    0.000000    0.000000    0.750606 |  Z:    0.750606 |  0.00000000  0.00000000  1.00000000 |
------------|---|------- x --------- y --------- z ---|-----------------|------ x --------- y --------- z ----|
            | x |    0.750380    0.000050    0.000000 |  X:    0.750300 |  0.53233509 -0.84653373  0.00000000 |
 147.000000 | y |    0.000050    0.750332    0.000000 |  Y:    0.750412 |  0.84653373  0.53233509 -0.00000000 |
            | z |    0.000000    0.000000    0.750600 |  Z:    0.750600 |  0.00000000  0.00000000  1.00000000 |
------------|---|------- x --------- y --------- z ---|-----------------|------ x --------- y --------- z ----|
            | x |    0.750379    0.000048    0.000000 |  X:    0.750303 |  0.53233509 -0.84653373  0.00000000 |
 150.000000 | y |    0.000048    0.750333    0.000000 |  Y:    0.750409 |  0.84653373  0.53233509 -0.00000000 |
            | z |    0.000000    0.000000    0.750594 |  Z:    0.750594 |  0.00000000  0.00000000  1.00000000 |
------------|---|------- x --------- y --------- z ---|-----------------|------ x --------- y --------- z ----|
            | x |    0.750378    0.000045    0.000000 |  X:    0.750306 |  0.53233509 -0.84653373  0.00000000 |
 153.000000 | y |    0.000045    0.750334    0.000000 |  Y:    0.750407 |  0.84653373  0.53233509 -0.00000000 |
            | z |    0.000000    0.000000    0.750588 |  Z:    0.750588 |  0.00000000  0.00000000  1.00000000 |
------------|---|------- x --------- y --------- z ---|-----------------|------ x --------- y --------- z ----|
            | x |    0.750377    0.000043    0.000000 |  X:    0.750309 |  0.53233509 -0.84653373  0.00000000 |
 156.000000 | y |    0.000043    0.750336    0.000000 |  Y:    0.750405 |  0.84653373  0.53233509 -0.00000000 |
            | z |    0.000000    0.000000    0.750582 |  Z:    0.750582 |  0.00000000  0.00000000  1.00000000 |
------------|---|------- x --------- y --------- z ---|-----------------|------ x --------- y --------- z ----|
            | x |    0.750377    0.000041    0.000000 |  X:    0.750312 |  0.53233509 -0.84653373  0.00000000 |
 159.000000 | y |    0.000041    0.750337    0.000000 |  Y:    0.750402 |  0.84653373  0.53233509 -0.00000000 |
            | z |    0.000000    0.000000    0.750577 |  Z:    0.750577 |  0.00000000  0.00000000  1.00000000 |
------------|---|------- x --------- y --------- z ---|-----------------|------ x --------- y --------- z ----|
            | x |    0.750376    0.000039    0.000000 |  X:    0.750315 |  0.53233510 -0.84653372  0.00000000 |
 162.000000 | y |    0.000039    0.750339    0.000000 |  Y:    0.750400 |  0.84653372  0.53233510 -0.00000000 |
            | z |    0.000000    0.000000    0.750571 |  Z:    0.750571 |  0.00000000  0.00000000  1.00000000 |
------------|---|------- x --------- y --------- z ---|-----------------|------ x --------- y --------- z ----|
            | x |    0.750375    0.000036    0.000000 |  X:    0.750318 |  0.53233509 -0.84653372  0.00000000 |
 165.000000 | y |    0.000036    0.750340    0.000000 |  Y:    0.750398 |  0.84653372  0.53233509 -0.00000000 |
            | z |    0.000000    0.000000    0.750566 |  Z:    0.750566 |  0.00000000  0.00000000  1.00000000 |
------------|---|------- x --------- y --------- z ---|-----------------|------ x --------- y --------- z ----|
            | x |    0.750375    0.000034    0.000000 |  X:    0.750321 |  0.53233509 -0.84653373  0.00000000 |
 168.000000 | y |    0.000034    0.750342    0.000000 |  Y:    0.750396 |  0.84653373  0.53233509 -0.00000000 |
            | z |    0.000000    0.000000    0.750561 |  Z:    0.750561 |  0.00000000  0.00000000  1.00000000 |
------------|---|------- x --------- y --------- z ---|-----------------|------ x --------- y --------- z ----|
            | x |    0.750375    0.000032    0.000000 |  X:    0.750324 |  0.53233510 -0.84653372  0.00000000 |
 171.000000 | y |    0.000032    0.750344    0.000000 |  Y:    0.750395 |  0.84653372  0.53233510 -0.00000000 |
            | z |    0.000000    0.000000    0.750557 |  Z:    0.750557 |  0.00000000  0.00000000  1.00000000 |
------------|---|------- x --------- y --------- z ---|-----------------|------ x --------- y --------- z ----|
            | x |    0.750374    0.000030    0.000000 |  X:    0.750327 |  0.53233510 -0.84653372  0.00000000 |
 174.000000 | y |    0.000030    0.750346    0.000000 |  Y:    0.750393 |  0.84653372  0.53233510 -0.00000000 |
            | z |    0.000000    0.000000    0.750552 |  Z:    0.750552 |  0.00000000  0.00000000  1.00000000 |
------------|---|------- x --------- y --------- z ---|-----------------|------ x --------- y --------- z ----|
            | x |    0.750374    0.000027    0.000000 |  X:    0.750330 |  0.53233510 -0.84653372  0.00000000 |
 177.000000 | y |    0.000027    0.750348    0.000000 |  Y:    0.750391 |  0.84653372  0.53233510 -0.00000000 |
            | z |    0.000000    0.000000    0.750547 |  Z:    0.750547 |  0.00000000  0.00000000  1.00000000 |
------------|---|------- x --------- y --------- z ---|-----------------|------ x --------- y --------- z ----|
            | x |    0.750374    0.000025    0.000000 |  X:    0.750334 |  0.53233510 -0.84653372  0.00000000 |
 180.000000 | y |    0.000025    0.750350    0.000000 |  Y:    0.750389 |  0.84653372  0.53233510 -0.00000000 |
            | z |    0.000000    0.000000    0.750543 |  Z:    0.750543 |  0.00000000  0.00000000  1.00000000 |
------------|---|------- x --------- y --------- z ---|-----------------|------ x --------- y --------- z ----|
            | x |    0.750373    0.000023    0.000000 |  X:    0.750337 |  0.53233511 -0.84653372  0.00000000 |
 183.000000 | y |    0.000023    0.750352    0.000000 |  Y:    0.750388 |  0.84653372  0.53233511 -0.00000000 |
            | z |    0.000000    0.000000    0.750539 |  Z:    0.750539 |  0.00000000  0.00000000  1.00000000 |
------------|---|------- x --------- y --------- z ---|-----------------|------ x --------- y --------- z ----|
            | x |    0.750373    0.000020    0.000000 |  X:    0.750341 |  0.53233511 -0.84653372  0.00000000 |
 186.000000 | y |    0.000020    0.750354    0.000000 |  Y:    0.750386 |  0.84653372  0.53233511 -0.00000000 |
            | z |    0.000000    0.000000    0.750535 |  Z:    0.750535 |  0.00000000  0.00000000  1.00000000 |
------------|---|------- x --------- y --------- z ---|-----------------|------ x --------- y --------- z ----|
            | x |    0.750373    0.000018    0.000000 |  X:    0.750344 |  0.53233511 -0.84653372  0.00000000 |
 189.000000 | y |    0.000018    0.750356    0.000000 |  Y:    0.750385 |  0.84653372  0.53233511 -0.00000000 |
            | z |    0.000000    0.000000    0.750531 |  Z:    0.750531 |  0.00000000  0.00000000  1.00000000 |
------------|---|------- x --------- y --------- z ---|-----------------|------ x --------- y --------- z ----|
            | x |    0.750373    0.000016    0.000000 |  X:    0.750348 |  0.53233512 -0.84653371  0.00000000 |
 192.000000 | y |    0.000016    0.750358    0.000000 |  Y:    0.750383 |  0.84653371  0.53233512 -0.00000000 |
            | z |    0.000000    0.000000    0.750527 |  Z:    0.750527 |  0.00000000  0.00000000  1.00000000 |
------------|---|------- x --------- y --------- z ---|-----------------|------ x --------- y --------- z ----|
            | x |    0.750373    0.000014    0.000000 |  X:    0.750352 |  0.53233512 -0.84653371  0.00000000 |
 195.000000 | y |    0.000014    0.750360    0.000000 |  Y:    0.750382 |  0.84653371  0.53233512 -0.00000000 |
            | z |    0.000000    0.000000    0.750524 |  Z:    0.750524 |  0.00000000  0.00000000  1.00000000 |
------------|---|------- x --------- y --------- z ---|-----------------|------ x --------- y --------- z ----|
            | x |    0.750373    0.000011    0.000000 |  X:    0.750355 |  0.53233513 -0.84653370  0.00000000 |
 198.000000 | y |    0.000011    0.750362    0.000000 |  Y:    0.750380 |  0.84653370  0.53233513 -0.00000000 |
            | z |    0.000000    0.000000    0.750520 |  Z:    0.750520 |  0.00000000  0.00000000  1.00000000 |
------------|---|------- x --------- y --------- z ---|-----------------|------ x --------- y --------- z ----|
            | x |    0.750373    0.000009    0.000000 |  X:    0.750359 |  0.53233516 -0.84653369  0.00000000 |
 201.000000 | y |    0.000009    0.750365    0.000000 |  Y:    0.750379 |  0.84653369  0.53233516 -0.00000000 |
            | z |    0.000000    0.000000    0.750517 |  Z:    0.750517 |  0.00000000  0.00000000  1.00000000 |
------------|---|------- x --------- y --------- z ---|-----------------|------ x --------- y --------- z ----|
            | x |    0.750374    0.000007    0.000000 |  X:    0.750363 |  0.53233517 -0.84653368  0.00000000 |
 204.000000 | y |    0.000007    0.750367    0.000000 |  Y:    0.750378 |  0.84653368  0.53233517 -0.00000000 |
            | z |    0.000000    0.000000    0.750514 |  Z:    0.750514 |  0.00000000  0.00000000  1.00000000 |
------------|---|------- x --------- y --------- z ---|-----------------|------ x --------- y --------- z ----|
            | x |    0.750374    0.000005    0.000000 |  X:    0.750366 |  0.53233521 -0.84653365  0.00000000 |
 207.000000 | y |    0.000005    0.750369    0.000000 |  Y:    0.750377 |  0.84653365  0.53233521 -0.00000000 |
            | z |    0.000000    0.000000    0.750510 |  Z:    0.750510 |  0.00000000  0.00000000  1.00000000 |
------------|---|------- x --------- y --------- z ---|-----------------|------ x --------- y --------- z ----|
            | x |    0.750374    0.000002    0.000000 |  X:    0.750370 |  0.53233538 -0.84653355  0.00000000 |
 210.000000 | y |    0.000002    0.750372    0.000000 |  Y:    0.750375 |  0.84653355  0.53233538 -0.00000000 |
            | z |    0.000000    0.000000    0.750507 |  Z:    0.750507 |  0.00000000  0.00000000  1.00000000 |
------------|---|------- x --------- y --------- z ---|-----------------|------ x --------- y --------- z ----|
            | x |    0.750374    0.000000    0.000000 |  X:    0.750374 |  0.53240960 -0.84648687  0.00000000 |
 213.000000 | y |    0.000000    0.750374    0.000000 |  Y:    0.750374 | -0.84648687 -0.53240960  0.00000000 |
            | z |    0.000000    0.000000    0.750504 |  Z:    0.750504 |  0.00000000  0.00000000  1.00000000 |
------------|---|------- x --------- y --------- z ---|-----------------|------ x --------- y --------- z ----|
            | x |    0.750374   -0.000002    0.000000 |  X:    0.750373 |  0.84653393  0.53233477 -0.00000000 |
 216.000000 | y |   -0.000002    0.750377    0.000000 |  Y:    0.750378 |  0.53233477 -0.84653393  0.00000000 |
            | z |    0.000000    0.000000    0.750501 |  Z:    0.750501 |  0.00000000  0.00000000  1.00000000 |
------------|---|------- x --------- y --------- z ---|-----------------|------ x --------- y --------- z ----|
            | x |    0.750375   -0.000005    0.000000 |  X:    0.750372 |  0.84653384  0.53233491 -0.00000000 |
 219.000000 | y |   -0.000005    0.750379    0.000000 |  Y:    0.750382 |  0.53233491 -0.84653384  0.00000000 |
            | z |    0.000000    0.000000    0.750498 |  Z:    0.750498 |  0.00000000  0.00000000  1.00000000 |
------------|---|------- x --------- y --------- z ---|-----------------|------ x --------- y --------- z ----|
            | x |    0.750375   -0.000007    0.000000 |  X:    0.750371 |  0.84653379  0.53233498 -0.00000000 |
 222.000000 | y |   -0.000007    0.750382    0.000000 |  Y:    0.750386 |  0.53233498 -0.84653379  0.00000000 |
            | z |    0.000000    0.000000    0.750495 |  Z:    0.750495 |  0.00000000  0.00000000  1.00000000 |
------------|---|------- x --------- y --------- z ---|-----------------|------ x --------- y --------- z ----|
            | x |    0.750375   -0.000009    0.000000 |  X:    0.750370 |  0.84653379  0.53233500 -0.00000000 |
 225.000000 | y |   -0.000009    0.750384    0.000000 |  Y:    0.750390 |  0.53233500 -0.84653379  0.00000000 |
            | z |    0.000000    0.000000    0.750493 |  Z:    0.750493 |  0.00000000  0.00000000  1.00000000 |
------------|---|------- x --------- y --------- z ---|-----------------|------ x --------- y --------- z ----|
            | x |    0.750376   -0.000011    0.000000 |  X:    0.750369 |  0.84653377  0.53233502 -0.00000000 |
 228.000000 | y |   -0.000011    0.750387    0.000000 |  Y:    0.750394 |  0.53233502 -0.84653377  0.00000000 |
            | z |    0.000000    0.000000    0.750490 |  Z:    0.750490 |  0.00000000  0.00000000  1.00000000 |
------------|---|------- x --------- y --------- z ---|-----------------|------ x --------- y --------- z ----|
            | x |    0.750376   -0.000014    0.000000 |  X:    0.750368 |  0.84653376  0.53233504 -0.00000000 |
 231.000000 | y |   -0.000014    0.750389    0.000000 |  Y:    0.750398 |  0.53233504 -0.84653376  0.00000000 |
            | z |    0.000000    0.000000    0.750487 |  Z:    0.750487 |  0.00000000  0.00000000  1.00000000 |
------------|---|------- x --------- y --------- z ---|-----------------|------ x --------- y --------- z ----|
            | x |    0.750377   -0.000016    0.000000 |  X:    0.750367 |  0.84653376  0.53233504 -0.00000000 |
 234.000000 | y |   -0.000016    0.750392    0.000000 |  Y:    0.750402 |  0.53233504 -0.84653376  0.00000000 |
            | z |    0.000000    0.000000    0.750485 |  Z:    0.750485 |  0.00000000  0.00000000  1.00000000 |
------------|---|------- x --------- y --------- z ---|-----------------|------ x --------- y --------- z ----|
            | x |    0.750377   -0.000018    0.000000 |  X:    0.750366 |  0.84653376  0.53233504 -0.00000000 |
 237.000000 | y |   -0.000018    0.750395    0.000000 |  Y:    0.750406 |  0.53233504 -0.84653376  0.00000000 |
            | z |    0.000000    0.000000    0.750483 |  Z:    0.750483 |  0.00000000  0.00000000  1.00000000 |
------------|---|------- x --------- y --------- z ---|-----------------|------ x --------- y --------- z ----|
            | x |    0.750378   -0.000020    0.000000 |  X:    0.750365 |  0.84653376  0.53233504 -0.00000000 |
 240.000000 | y |   -0.000020    0.750397    0.000000 |  Y:    0.750410 |  0.53233504 -0.84653376  0.00000000 |
            | z |    0.000000    0.000000    0.750480 |  Z:    0.750480 |  0.00000000  0.00000000  1.00000000 |
------------|---|------- x --------- y --------- z ---|-----------------|------ x --------- y --------- z ----|
            | x |    0.750378   -0.000023    0.000000 |  X:    0.750364 |  0.84653375  0.53233505 -0.00000000 |
 243.000000 | y |   -0.000023    0.750400    0.000000 |  Y:    0.750414 |  0.53233505 -0.84653375  0.00000000 |
            | z |    0.000000    0.000000    0.750478 |  Z:    0.750478 |  0.00000000  0.00000000  1.00000000 |
------------|---|------- x --------- y --------- z ---|-----------------|------ x --------- y --------- z ----|
            | x |    0.750379   -0.000025    0.000000 |  X:    0.750363 |  0.84653375  0.53233505 -0.00000000 |
 246.000000 | y |   -0.000025    0.750403    0.000000 |  Y:    0.750418 |  0.53233505 -0.84653375  0.00000000 |
            | z |    0.000000    0.000000    0.750475 |  Z:    0.750475 |  0.00000000  0.00000000  1.00000000 |
------------|---|------- x --------- y --------- z ---|-----------------|------ x --------- y --------- z ----|
            | x |    0.750379   -0.000027    0.000000 |  X:    0.750362 |  0.84653375  0.53233505 -0.00000000 |
 249.000000 | y |   -0.000027    0.750405    0.000000 |  Y:    0.750423 |  0.53233505 -0.84653375  0.00000000 |
            | z |    0.000000    0.000000    0.750473 |  Z:    0.750473 |  0.00000000  0.00000000  1.00000000 |
------------|---|------- x --------- y --------- z ---|-----------------|------ x --------- y --------- z ----|
            | x |    0.750380   -0.000030    0.000000 |  X:    0.750361 |  0.84653375  0.53233505 -0.00000000 |
 252.000000 | y |   -0.000030    0.750408    0.000000 |  Y:    0.750427 |  0.53233505 -0.84653375  0.00000000 |
            | z |    0.000000    0.000000    0.750471 |  Z:    0.750471 |  0.00000000  0.00000000  1.00000000 |
------------|---|------- x --------- y --------- z ---|-----------------|------ x --------- y --------- z ----|
            | x |    0.750380   -0.000032    0.000000 |  X:    0.750360 |  0.84653375  0.53233506 -0.00000000 |
 255.000000 | y |   -0.000032    0.750411    0.000000 |  Y:    0.750431 |  0.53233506 -0.84653375  0.00000000 |
            | z |    0.000000    0.000000    0.750469 |  Z:    0.750469 |  0.00000000  0.00000000  1.00000000 |
------------|---|------- x --------- y --------- z ---|-----------------|------ x --------- y --------- z ----|
            | x |    0.750381   -0.000034    0.000000 |  X:    0.750360 |  0.84653375  0.53233505 -0.00000000 |
 258.000000 | y |   -0.000034    0.750414    0.000000 |  Y:    0.750435 |  0.53233505 -0.84653375  0.00000000 |
            | z |    0.000000    0.000000    0.750467 |  Z:    0.750467 |  0.00000000  0.00000000  1.00000000 |
------------|---|------- x --------- y --------- z ---|-----------------|------ x --------- y --------- z ----|
            | x |    0.750382   -0.000036    0.000000 |  X:    0.750359 |  0.84653375  0.53233506 -0.00000000 |
 261.000000 | y |   -0.000036    0.750417    0.000000 |  Y:    0.750440 |  0.53233506 -0.84653375  0.00000000 |
            | z |    0.000000    0.000000    0.750465 |  Z:    0.750465 |  0.00000000  0.00000000  1.00000000 |
------------|---|------- x --------- y --------- z ---|-----------------|------ x --------- y --------- z ----|
            | x |    0.750382   -0.000039    0.000000 |  X:    0.750358 |  0.84653375  0.53233506 -0.00000000 |
 264.000000 | y |   -0.000039    0.750419    0.000000 |  Y:    0.750444 |  0.53233506 -0.84653375  0.00000000 |
            | z |    0.000000    0.000000    0.750463 |  Z:    0.750463 |  0.00000000  0.00000000  1.00000000 |
------------|---|------- x --------- y --------- z ---|-----------------|------ x --------- y --------- z ----|
            | x |    0.750383   -0.000041    0.000000 |  X:    0.750357 |  0.84653375  0.53233506 -0.00000000 |
 267.000000 | y |   -0.000041    0.750422    0.000000 |  Y:    0.750448 |  0.53233506 -0.84653375  0.00000000 |
            | z |    0.000000    0.000000    0.750461 |  Z:    0.750461 |  0.00000000  0.00000000  1.00000000 |
------------|---|------- x --------- y --------- z ---|-----------------|------ x --------- y --------- z ----|
            | x |    0.750384   -0.000043    0.000000 |  X:    0.750357 |  0.84653375  0.53233506 -0.00000000 |
 270.000000 | y |   -0.000043    0.750425    0.000000 |  Y:    0.750452 |  0.53233506 -0.84653375  0.00000000 |
            | z |    0.000000    0.000000    0.750459 |  Z:    0.750459 | -0.00000000  0.00000000  1.00000000 |
------------|---|------- x --------- y --------- z ---|-----------------|------ x --------- y --------- z ----|
            | x |    0.750384   -0.000045    0.000000 |  X:    0.750356 |  0.84653375  0.53233506 -0.00000000 |
 273.000000 | y |   -0.000045    0.750428    0.000000 |  Y:    0.750457 |  0.53233506 -0.84653375  0.00000001 |
            | z |    0.000000    0.000000    0.750457 |  Z:    0.750457 | -0.00000001  0.00000001  1.00000000 |
------------|---|------- x --------- y --------- z ---|-----------------|------ x --------- y --------- z ----|
            | x |    0.750385   -0.000048    0.000000 |  X:    0.750355 |  0.84653375  0.53233506 -0.00000000 |
 276.000000 | y |   -0.000048    0.750431    0.000000 |  Y:    0.750455 |  0.00000000 -0.00000000  1.00000000 |
            | z |    0.000000    0.000000    0.750455 |  Z:    0.750461 | -0.53233506  0.84653375  0.00000000 |
------------|---|------- x --------- y --------- z ---|-----------------|------ x --------- y --------- z ----|
            | x |    0.750386   -0.000050    0.000000 |  X:    0.750354 |  0.84653374  0.53233506 -0.00000000 |
 279.000000 | y |   -0.000050    0.750434    0.000000 |  Y:    0.750454 |  0.00000000 -0.00000000  1.00000000 |
            | z |    0.000000    0.000000    0.750454 |  Z:    0.750465 | -0.53233506  0.84653374  0.00000000 |
------------|---|------- x --------- y --------- z ---|-----------------|------ x --------- y --------- z ----|
            | x |    0.750387   -0.000052    0.000000 |  X:    0.750354 |  0.84653374  0.53233507 -0.00000000 |
 282.000000 | y |   -0.000052    0.750437    0.000000 |  Y:    0.750452 |  0.00000000 -0.00000000  1.00000000 |
            | z |    0.000000    0.000000    0.750452 |  Z:    0.750470 | -0.53233507  0.84653374  0.00000000 |
------------|---|------- x --------- y --------- z ---|-----------------|------ x --------- y --------- z ----|
            | x |    0.750387   -0.000055    0.000000 |  X:    0.750353 |  0.84653374  0.53233506 -0.00000000 |
 285.000000 | y |   -0.000055    0.750440    0.000000 |  Y:    0.750450 |  0.00000000  0.00000000  1.00000000 |
            | z |    0.000000    0.000000    0.750450 |  Z:    0.750474 | -0.53233506  0.84653374  0.00000000 |
------------|---|------- x --------- y --------- z ---|-----------------|------ x --------- y --------- z ----|
            | x |    0.750388   -0.000057    0.000000 |  X:    0.750352 |  0.84653375  0.53233506 -0.00000000 |
 288.000000 | y |   -0.000057    0.750443    0.000000 |  Y:    0.750449 |  0.00000000  0.00000000  1.00000000 |
            | z |    0.000000    0.000000    0.750449 |  Z:    0.750479 | -0.53233506  0.84653375  0.00000000 |
------------|---|------- x --------- y --------- z ---|-----------------|------ x --------- y --------- z ----|
            | x |    0.750389   -0.000059    0.000000 |  X:    0.750352 |  0.84653374  0.53233507 -0.00000000 |
 291.000000 | y |   -0.000059    0.750446    0.000000 |  Y:    0.750447 |  0.00000000  0.00000000  1.00000000 |
            | z |    0.000000    0.000000    0.750447 |  Z:    0.750483 | -0.53233507  0.84653374  0.00000000 |
------------|---|------- x --------- y --------- z ---|-----------------|------ x --------- y --------- z ----|
            | x |    0.750390   -0.000061    0.000000 |  X:    0.750351 |  0.84653374  0.53233507 -0.00000000 |
 294.000000 | y |   -0.000061    0.750449    0.000000 |  Y:    0.750445 |  0.00000000  0.00000000  1.00000000 |
            | z |    0.000000    0.000000    0.750445 |  Z:    0.750487 | -0.53233507  0.84653374  0.00000000 |
------------|---|------- x --------- y --------- z ---|-----------------|------ x --------- y --------- z ----|
            | x |    0.750391   -0.000064    0.000000 |  X:    0.750351 |  0.84653374  0.53233507 -0.00000000 |
 297.000000 | y |   -0.000064    0.750452    0.000000 |  Y:    0.750444 |  0.00000000  0.00000000  1.00000000 |
            | z |    0.000000    0.000000    0.750444 |  Z:    0.750492 | -0.53233507  0.84653374  0.00000000 |
------------|---|------- x --------- y --------- z ---|-----------------|------ x --------- y --------- z ----|
            | x |    0.750391   -0.000066    0.000000 |  X:    0.750350 |  0.84653374  0.53233507 -0.00000000 |
 300.000000 | y |   -0.000066    0.750455    0.000000 |  Y:    0.750442 |  0.00000000  0.00000000  1.00000000 |
            | z |    0.000000    0.000000    0.750442 |  Z:    0.750496 | -0.53233507  0.84653374  0.00000000 |
--------------------------------------------------------------------------------------------------------------|
Computation of the magnetization torque ... skipped by the user

%%%%%%%%%%%%%%%%%%%%%%%%%%%%%%%%%%%%%%%%%%%%%%%%%%%%%%%%%%%%%%%%%%%%%%%%%%%%%%%%%%%%%%%%%%%%%%%%
                                        CALCULATION OF THE MOLAR MAGNETIZATION
%%%%%%%%%%%%%%%%%%%%%%%%%%%%%%%%%%%%%%%%%%%%%%%%%%%%%%%%%%%%%%%%%%%%%%%%%%%%%%%%%%%%%%%%%%%%%%%%

  Molar magnetization will be calculated in  71 points, equally distributed in magnetic field range
   0.0 --  7.0 T., at the following temperatures:
  1.8000 K.;  2.0000 K.;  2.5000 K.;  3.0000 K.;  4.0000 K.;  5.0000 K.;
  Powder molar magnetization will be averaged on  185 directions of the applied magnetic field.
  --------------------------------------------------------------------------------
                       Lebedev-Laikov grid on a hemisphere:
                                      z >= 0;
  --------------------------------------------------------------------------------
  Nr.            x                  y                  z                weight
   1      1.000000000000     0.000000000000     0.000000000000     0.003006796749
   2     -1.000000000000     0.000000000000     0.000000000000     0.003006796749
   3      0.000000000000     1.000000000000     0.000000000000     0.003006796749
   4      0.000000000000    -1.000000000000     0.000000000000     0.003006796749
   5      0.000000000000     0.000000000000     1.000000000000     0.006013593499
   6      0.577350269190     0.577350269190     0.577350269190     0.006101255491
   7     -0.577350269190     0.577350269190     0.577350269190     0.006101255491
   8      0.577350269190    -0.577350269190     0.577350269190     0.006101255491
   9     -0.577350269190    -0.577350269190     0.577350269190     0.006101255491
  10      0.706896546391     0.706896546391     0.024383301669     0.003242209201
  11     -0.706896546391     0.706896546391     0.024383301669     0.003242209201
  12      0.706896546391    -0.706896546391     0.024383301669     0.003242209201
  13     -0.706896546391    -0.706896546391     0.024383301669     0.003242209201
  14      0.706896546391     0.024383301669     0.706896546391     0.003242209201
  15     -0.706896546391     0.024383301669     0.706896546391     0.003242209201
  16      0.706896546391    -0.024383301669     0.706896546391     0.003242209201
  17     -0.706896546391    -0.024383301669     0.706896546391     0.003242209201
  18      0.024383301669     0.706896546391     0.706896546391     0.003242209201
  19     -0.024383301669     0.706896546391     0.706896546391     0.003242209201
  20      0.024383301669    -0.706896546391     0.706896546391     0.003242209201
  21     -0.024383301669    -0.706896546391     0.706896546391     0.003242209201
  22      0.479468262571     0.479468262571     0.734996850588     0.006011402970
  23     -0.479468262571     0.479468262571     0.734996850588     0.006011402970
  24      0.479468262571    -0.479468262571     0.734996850588     0.006011402970
  25     -0.479468262571    -0.479468262571     0.734996850588     0.006011402970
  26      0.479468262571     0.734996850588     0.479468262571     0.006011402970
  27     -0.479468262571     0.734996850588     0.479468262571     0.006011402970
  28      0.479468262571    -0.734996850588     0.479468262571     0.006011402970
  29     -0.479468262571    -0.734996850588     0.479468262571     0.006011402970
  30      0.734996850588     0.479468262571     0.479468262571     0.006011402970
  31     -0.734996850588     0.479468262571     0.479468262571     0.006011402970
  32      0.734996850588    -0.479468262571     0.479468262571     0.006011402970
  33     -0.734996850588    -0.479468262571     0.479468262571     0.006011402970
  34      0.192753315488     0.192753315488     0.962129055136     0.005981985059
  35     -0.192753315488     0.192753315488     0.962129055136     0.005981985059
  36      0.192753315488    -0.192753315488     0.962129055136     0.005981985059
  37     -0.192753315488    -0.192753315488     0.962129055136     0.005981985059
  38      0.192753315488     0.962129055136     0.192753315488     0.005981985059
  39     -0.192753315488     0.962129055136     0.192753315488     0.005981985059
  40      0.192753315488    -0.962129055136     0.192753315488     0.005981985059
  41     -0.192753315488    -0.962129055136     0.192753315488     0.005981985059
  42      0.962129055136     0.192753315488     0.192753315488     0.005981985059
  43     -0.962129055136     0.192753315488     0.192753315488     0.005981985059
  44      0.962129055136    -0.192753315488     0.192753315488     0.005981985059
  45     -0.962129055136    -0.192753315488     0.192753315488     0.005981985059
  46      0.693035796133     0.693035796133     0.198501311223     0.005964341288
  47     -0.693035796133     0.693035796133     0.198501311223     0.005964341288
  48      0.693035796133    -0.693035796133     0.198501311223     0.005964341288
  49     -0.693035796133    -0.693035796133     0.198501311223     0.005964341288
  50      0.693035796133     0.198501311223     0.693035796133     0.005964341288
  51     -0.693035796133     0.198501311223     0.693035796133     0.005964341288
  52      0.693035796133    -0.198501311223     0.693035796133     0.005964341288
  53     -0.693035796133    -0.198501311223     0.693035796133     0.005964341288
  54      0.198501311223     0.693035796133     0.693035796133     0.005964341288
  55     -0.198501311223     0.693035796133     0.693035796133     0.005964341288
  56      0.198501311223    -0.693035796133     0.693035796133     0.005964341288
  57     -0.198501311223    -0.693035796133     0.693035796133     0.005964341288
  58      0.360830211552     0.360830211552     0.860001812128     0.005443128475
  59     -0.360830211552     0.360830211552     0.860001812128     0.005443128475
  60      0.360830211552    -0.360830211552     0.860001812128     0.005443128475
  61     -0.360830211552    -0.360830211552     0.860001812128     0.005443128475
  62      0.360830211552     0.860001812128     0.360830211552     0.005443128475
  63     -0.360830211552     0.860001812128     0.360830211552     0.005443128475
  64      0.360830211552    -0.860001812128     0.360830211552     0.005443128475
  65     -0.360830211552    -0.860001812128     0.360830211552     0.005443128475
  66      0.860001812128     0.360830211552     0.360830211552     0.005443128475
  67     -0.860001812128     0.360830211552     0.360830211552     0.005443128475
  68      0.860001812128    -0.360830211552     0.360830211552     0.005443128475
  69     -0.860001812128    -0.360830211552     0.360830211552     0.005443128475
  70      0.649848616150     0.649848616150     0.394199888606     0.006067027592
  71     -0.649848616150     0.649848616150     0.394199888606     0.006067027592
  72      0.649848616150    -0.649848616150     0.394199888606     0.006067027592
  73     -0.649848616150    -0.649848616150     0.394199888606     0.006067027592
  74      0.649848616150     0.394199888606     0.649848616150     0.006067027592
  75     -0.649848616150     0.394199888606     0.649848616150     0.006067027592
  76      0.649848616150    -0.394199888606     0.649848616150     0.006067027592
  77     -0.649848616150    -0.394199888606     0.649848616150     0.006067027592
  78      0.394199888606     0.649848616150     0.649848616150     0.006067027592
  79     -0.394199888606     0.649848616150     0.649848616150     0.006067027592
  80      0.394199888606    -0.649848616150     0.649848616150     0.006067027592
  81     -0.394199888606    -0.649848616150     0.649848616150     0.006067027592
  82      0.193294501323     0.981140782843     0.000000000000     0.003007949555
  83     -0.193294501323     0.981140782843     0.000000000000     0.003007949555
  84      0.193294501323    -0.981140782843     0.000000000000     0.003007949555
  85     -0.193294501323    -0.981140782843     0.000000000000     0.003007949555
  86      0.981140782843     0.193294501323     0.000000000000     0.003007949555
  87     -0.981140782843     0.193294501323     0.000000000000     0.003007949555
  88      0.981140782843    -0.193294501323     0.000000000000     0.003007949555
  89     -0.981140782843    -0.193294501323     0.000000000000     0.003007949555
  90      0.193294501323     0.000000000000     0.981140782843     0.006015899110
  91     -0.193294501323     0.000000000000     0.981140782843     0.006015899110
  92      0.981140782843     0.000000000000     0.193294501323     0.006015899110
  93     -0.981140782843     0.000000000000     0.193294501323     0.006015899110
  94      0.000000000000     0.193294501323     0.981140782843     0.006015899110
  95      0.000000000000    -0.193294501323     0.981140782843     0.006015899110
  96      0.000000000000     0.981140782843     0.193294501323     0.006015899110
  97      0.000000000000    -0.981140782843     0.193294501323     0.006015899110
  98      0.380049491990     0.924966152699     0.000000000000     0.002881964603
  99     -0.380049491990     0.924966152699     0.000000000000     0.002881964603
 100      0.380049491990    -0.924966152699     0.000000000000     0.002881964603
 101     -0.380049491990    -0.924966152699     0.000000000000     0.002881964603
 102      0.924966152699     0.380049491990     0.000000000000     0.002881964603
 103     -0.924966152699     0.380049491990     0.000000000000     0.002881964603
 104      0.924966152699    -0.380049491990     0.000000000000     0.002881964603
 105     -0.924966152699    -0.380049491990     0.000000000000     0.002881964603
 106      0.380049491990     0.000000000000     0.924966152699     0.005763929206
 107     -0.380049491990     0.000000000000     0.924966152699     0.005763929206
 108      0.924966152699     0.000000000000     0.380049491990     0.005763929206
 109     -0.924966152699     0.000000000000     0.380049491990     0.005763929206
 110      0.000000000000     0.380049491990     0.924966152699     0.005763929206
 111      0.000000000000    -0.380049491990     0.924966152699     0.005763929206
 112      0.000000000000     0.924966152699     0.380049491990     0.005763929206
 113      0.000000000000    -0.924966152699     0.380049491990     0.005763929206
 114      0.289955882550     0.793453785658     0.535123047718     0.005916715253
 115     -0.289955882550     0.793453785658     0.535123047718     0.005916715253
 116      0.289955882550    -0.793453785658     0.535123047718     0.005916715253
 117     -0.289955882550    -0.793453785658     0.535123047718     0.005916715253
 118      0.289955882550     0.535123047718     0.793453785658     0.005916715253
 119     -0.289955882550     0.535123047718     0.793453785658     0.005916715253
 120      0.289955882550    -0.535123047718     0.793453785658     0.005916715253
 121     -0.289955882550    -0.535123047718     0.793453785658     0.005916715253
 122      0.793453785658     0.289955882550     0.535123047718     0.005916715253
 123     -0.793453785658     0.289955882550     0.535123047718     0.005916715253
 124      0.793453785658    -0.289955882550     0.535123047718     0.005916715253
 125     -0.793453785658    -0.289955882550     0.535123047718     0.005916715253
 126      0.793453785658     0.535123047718     0.289955882550     0.005916715253
 127     -0.793453785658     0.535123047718     0.289955882550     0.005916715253
 128      0.793453785658    -0.535123047718     0.289955882550     0.005916715253
 129     -0.793453785658    -0.535123047718     0.289955882550     0.005916715253
 130      0.535123047718     0.289955882550     0.793453785658     0.005916715253
 131     -0.535123047718     0.289955882550     0.793453785658     0.005916715253
 132      0.535123047718    -0.289955882550     0.793453785658     0.005916715253
 133     -0.535123047718    -0.289955882550     0.793453785658     0.005916715253
 134      0.535123047718     0.793453785658     0.289955882550     0.005916715253
 135     -0.535123047718     0.793453785658     0.289955882550     0.005916715253
 136      0.535123047718    -0.793453785658     0.289955882550     0.005916715253
 137     -0.535123047718    -0.793453785658     0.289955882550     0.005916715253
 138      0.096841214551     0.828080150669     0.552182074349     0.006072040053
 139     -0.096841214551     0.828080150669     0.552182074349     0.006072040053
 140      0.096841214551    -0.828080150669     0.552182074349     0.006072040053
 141     -0.096841214551    -0.828080150669     0.552182074349     0.006072040053
 142      0.096841214551     0.552182074349     0.828080150669     0.006072040053
 143     -0.096841214551     0.552182074349     0.828080150669     0.006072040053
 144      0.096841214551    -0.552182074349     0.828080150669     0.006072040053
 145     -0.096841214551    -0.552182074349     0.828080150669     0.006072040053
 146      0.828080150669     0.096841214551     0.552182074349     0.006072040053
 147     -0.828080150669     0.096841214551     0.552182074349     0.006072040053
 148      0.828080150669    -0.096841214551     0.552182074349     0.006072040053
 149     -0.828080150669    -0.096841214551     0.552182074349     0.006072040053
 150      0.828080150669     0.552182074349     0.096841214551     0.006072040053
 151     -0.828080150669     0.552182074349     0.096841214551     0.006072040053
 152      0.828080150669    -0.552182074349     0.096841214551     0.006072040053
 153     -0.828080150669    -0.552182074349     0.096841214551     0.006072040053
 154      0.552182074349     0.096841214551     0.828080150669     0.006072040053
 155     -0.552182074349     0.096841214551     0.828080150669     0.006072040053
 156      0.552182074349    -0.096841214551     0.828080150669     0.006072040053
 157     -0.552182074349    -0.096841214551     0.828080150669     0.006072040053
 158      0.552182074349     0.828080150669     0.096841214551     0.006072040053
 159     -0.552182074349     0.828080150669     0.096841214551     0.006072040053
 160      0.552182074349    -0.828080150669     0.096841214551     0.006072040053
 161     -0.552182074349    -0.828080150669     0.096841214551     0.006072040053
 162      0.183343464704     0.907465826531     0.378009189874     0.005664374808
 163     -0.183343464704     0.907465826531     0.378009189874     0.005664374808
 164      0.183343464704    -0.907465826531     0.378009189874     0.005664374808
 165     -0.183343464704    -0.907465826531     0.378009189874     0.005664374808
 166      0.183343464704     0.378009189874     0.907465826531     0.005664374808
 167     -0.183343464704     0.378009189874     0.907465826531     0.005664374808
 168      0.183343464704    -0.378009189874     0.907465826531     0.005664374808
 169     -0.183343464704    -0.378009189874     0.907465826531     0.005664374808
 170      0.907465826531     0.183343464704     0.378009189874     0.005664374808
 171     -0.907465826531     0.183343464704     0.378009189874     0.005664374808
 172      0.907465826531    -0.183343464704     0.378009189874     0.005664374808
 173     -0.907465826531    -0.183343464704     0.378009189874     0.005664374808
 174      0.907465826531     0.378009189874     0.183343464704     0.005664374808
 175     -0.907465826531     0.378009189874     0.183343464704     0.005664374808
 176      0.907465826531    -0.378009189874     0.183343464704     0.005664374808
 177     -0.907465826531    -0.378009189874     0.183343464704     0.005664374808
 178      0.378009189874     0.183343464704     0.907465826531     0.005664374808
 179     -0.378009189874     0.183343464704     0.907465826531     0.005664374808
 180      0.378009189874    -0.183343464704     0.907465826531     0.005664374808
 181     -0.378009189874    -0.183343464704     0.907465826531     0.005664374808
 182      0.378009189874     0.907465826531     0.183343464704     0.005664374808
 183     -0.378009189874     0.907465826531     0.183343464704     0.005664374808
 184      0.378009189874    -0.907465826531     0.183343464704     0.005664374808
 185     -0.378009189874    -0.907465826531     0.183343464704     0.005664374808
  --------------------------------------------------------------------------------
  The cut-off energy for the exact diagonalization of the Zeeman Hamiltonian is:
  E =     0.117103625 cm(-1).
  The exact diagonalization of the Zeeman Hamiltonian included  4 exchange states.
  The contribution of local excited states is computed exactly.
  The magnetization vector was not calculated.
  Computation of the Zeeman splitting was not requested.
FIELD POINT 1 out of 71
FIELD POINT 2 out of 71
FIELD POINT 3 out of 71
FIELD POINT 4 out of 71
FIELD POINT 5 out of 71
FIELD POINT 6 out of 71
FIELD POINT 7 out of 71
FIELD POINT 8 out of 71
FIELD POINT 9 out of 71
FIELD POINT 10 out of 71
FIELD POINT 11 out of 71
FIELD POINT 12 out of 71
FIELD POINT 13 out of 71
FIELD POINT 14 out of 71
FIELD POINT 15 out of 71
FIELD POINT 16 out of 71
FIELD POINT 17 out of 71
FIELD POINT 18 out of 71
FIELD POINT 19 out of 71
FIELD POINT 20 out of 71
FIELD POINT 21 out of 71
FIELD POINT 22 out of 71
FIELD POINT 23 out of 71
FIELD POINT 24 out of 71
FIELD POINT 25 out of 71
FIELD POINT 26 out of 71
FIELD POINT 27 out of 71
FIELD POINT 28 out of 71
FIELD POINT 29 out of 71
FIELD POINT 30 out of 71
FIELD POINT 31 out of 71
FIELD POINT 32 out of 71
FIELD POINT 33 out of 71
FIELD POINT 34 out of 71
FIELD POINT 35 out of 71
FIELD POINT 36 out of 71
FIELD POINT 37 out of 71
FIELD POINT 38 out of 71
FIELD POINT 39 out of 71
FIELD POINT 40 out of 71
FIELD POINT 41 out of 71
FIELD POINT 42 out of 71
FIELD POINT 43 out of 71
FIELD POINT 44 out of 71
FIELD POINT 45 out of 71
FIELD POINT 46 out of 71
FIELD POINT 47 out of 71
FIELD POINT 48 out of 71
FIELD POINT 49 out of 71
FIELD POINT 50 out of 71
FIELD POINT 51 out of 71
FIELD POINT 52 out of 71
FIELD POINT 53 out of 71
FIELD POINT 54 out of 71
FIELD POINT 55 out of 71
FIELD POINT 56 out of 71
FIELD POINT 57 out of 71
FIELD POINT 58 out of 71
FIELD POINT 59 out of 71
FIELD POINT 60 out of 71
FIELD POINT 61 out of 71
FIELD POINT 62 out of 71
FIELD POINT 63 out of 71
FIELD POINT 64 out of 71
FIELD POINT 65 out of 71
FIELD POINT 66 out of 71
FIELD POINT 67 out of 71
FIELD POINT 68 out of 71
FIELD POINT 69 out of 71
FIELD POINT 70 out of 71
FIELD POINT 71 out of 71

               HIGH-FIELD POWDER MAGNETIZATION
                    (Units: Bohr magneton)

-----------|---------------|---------------|---------------|---------------|---------------|---------------|
    H(T)   |STATISTICAL SUM|     1.800 K.  |     2.000 K.  |     2.500 K.  |     3.000 K.  |     4.000 K.  |
-----------|---------------|---------------|---------------|---------------|---------------|---------------|
  0.000100 |     3.8704297 |  0.0000760807 |  0.0000683442 |  0.0000544892 |  0.0000453035 |  0.0000338794 |
  0.100000 |     3.6584521 |  0.0760433087 |  0.0683171442 |  0.0544755212 |  0.0452956599 |  0.0338760955 |
  0.200000 |     3.4146630 |  0.1518629773 |  0.1364723514 |  0.1088691594 |  0.0905443378 |  0.0677325867 |
  0.300000 |     3.1930437 |  0.2272380562 |  0.2043052526 |  0.1630995328 |  0.1356992498 |  0.1015499153 |
  0.400000 |     2.9934009 |  0.3019529069 |  0.2716585812 |  0.2170862553 |  0.1807140058 |  0.1353086146 |
  0.500000 |     2.8137094 |  0.3757996857 |  0.3383796442 |  0.2707504173 |  0.2255428026 |  0.1689893548 |
  0.600000 |     2.6518807 |  0.4485806286 |  0.4043216979 |  0.3240150486 |  0.2701406106 |  0.2025729873 |
  0.700000 |     2.5059934 |  0.5201100876 |  0.4693452055 |  0.3768055551 |  0.3144633545 |  0.2360405888 |
  0.800000 |     2.3743266 |  0.5902162743 |  0.5333189518 |  0.4290501257 |  0.3584680853 |  0.2693735034 |
  0.900000 |     2.2553520 |  0.6587426832 |  0.5961209995 |  0.4806801045 |  0.4021131422 |  0.3025533841 |
  1.000000 |     2.1477160 |  0.7255491764 |  0.6576394752 |  0.5316303251 |  0.4453583037 |  0.3355622322 |
  1.100000 |     2.0502210 |  0.7905127252 |  0.7177731773 |  0.5818394019 |  0.4881649265 |  0.3683824358 |
  1.200000 |     1.9618071 |  0.8535278154 |  0.7764320050 |  0.6312499796 |  0.5304960713 |  0.4009968054 |
  1.300000 |     1.8815356 |  0.9145065325 |  0.8335372114 |  0.6798089367 |  0.5723166146 |  0.4333886083 |
  1.400000 |     1.8085745 |  0.9733783527 |  0.8890214882 |  0.7274675434 |  0.6135933467 |  0.4655416007 |
  1.500000 |     1.7421855 |  1.0300896703 |  0.9428288924 |  0.7741815751 |  0.6542950542 |  0.4974400575 |
  1.600000 |     1.6817125 |  1.0846030991 |  0.9949146298 |  0.8199113811 |  0.6943925884 |  0.5290687995 |
  1.700000 |     1.6265721 |  1.1368965851 |  1.0452447115 |  0.8646219109 |  0.7338589185 |  0.5604132187 |
  1.800000 |     1.5762446 |  1.1869623716 |  1.0937955005 |  0.9082827006 |  0.7726691701 |  0.5914593004 |
  1.900000 |     1.5302665 |  1.2348058536 |  1.1405531671 |  0.9508678211 |  0.8108006492 |  0.6221936437 |
  2.000000 |     1.4882239 |  1.2804443601 |  1.1855130715 |  0.9923557924 |  0.8482328528 |  0.6526034786 |
  2.100000 |     1.4497466 |  1.3239058956 |  1.2286790921 |  1.0327294663 |  0.8849474658 |  0.6826766807 |
  2.200000 |     1.4145031 |  1.3652278736 |  1.2700629153 |  1.0719758822 |  0.9209283456 |  0.7124017838 |
  2.300000 |     1.3821962 |  1.4044558641 |  1.3096833042 |  1.1100860986 |  0.9561614948 |  0.7417679895 |
  2.400000 |     1.3525590 |  1.4416423808 |  1.3475653590 |  1.1470550050 |  0.9906350232 |  0.7707651744 |
  2.500000 |     1.3253515 |  1.4768457207 |  1.3837397828 |  1.1828811170 |  1.0243390996 |  0.7993838947 |
  2.600000 |     1.3003576 |  1.5101288734 |  1.4182421626 |  1.2175663591 |  1.0572658951 |  0.8276153891 |
  2.700000 |     1.2773824 |  1.5415585068 |  1.4511122747 |  1.2511158374 |  1.0894095181 |  0.8554515782 |
  2.800000 |     1.2562502 |  1.5712040357 |  1.4823934221 |  1.2835376073 |  1.1207659425 |  0.8828850630 |
  2.900000 |     1.2368020 |  1.5991367783 |  1.5121318090 |  1.3148424367 |  1.1513329301 |  0.9099091201 |
  3.000000 |     1.2188938 |  1.6254291992 |  1.5403759564 |  1.3450435695 |  1.1811099479 |  0.9365176957 |
  3.100000 |     1.2023954 |  1.6501542388 |  1.5671761615 |  1.3741564907 |  1.2100980815 |  0.9627053976 |
  3.200000 |     1.1871884 |  1.6733847264 |  1.5925840033 |  1.4021986960 |  1.2382999458 |  0.9884674846 |
  3.300000 |     1.1731654 |  1.6951928731 |  1.6166518926 |  1.4291894661 |  1.2657195927 |  1.0137998555 |
  3.400000 |     1.1602287 |  1.7156498383 |  1.6394326687 |  1.4551496499 |  1.2923624185 |  1.0386990356 |
  3.500000 |     1.1482895 |  1.7348253668 |  1.6609792396 |  1.4801014553 |  1.3182350698 |  1.0631621622 |
  3.600000 |     1.1372666 |  1.7527874886 |  1.6813442649 |  1.5040682503 |  1.3433453504 |  1.0871869689 |
  3.700000 |     1.1270862 |  1.7696022765 |  1.7005798797 |  1.5270743742 |  1.3677021280 |  1.1107717684 |
  3.800000 |     1.1176807 |  1.7853336556 |  1.7187374557 |  1.5491449604 |  1.3913152431 |  1.1339154345 |
  3.900000 |     1.1089886 |  1.8000432587 |  1.7358673986 |  1.5703057701 |  1.4141954192 |  1.1566173835 |
  4.000000 |     1.1009533 |  1.8137903224 |  1.7520189775 |  1.5905830382 |  1.4363541755 |  1.1788775542 |
  4.100000 |     1.0935233 |  1.8266316187 |  1.7672401852 |  1.6100033304 |  1.4578037421 |  1.2006963880 |
  4.200000 |     1.0866512 |  1.8386214170 |  1.7815776246 |  1.6285934120 |  1.4785569783 |  1.2220748076 |
  4.300000 |     1.0802937 |  1.8498114730 |  1.7950764205 |  1.6463801285 |  1.4986272945 |  1.2430141964 |
  4.400000 |     1.0744108 |  1.8602510389 |  1.8077801530 |  1.6633902967 |  1.5180285765 |  1.2635163764 |
  4.500000 |     1.0689660 |  1.8699868930 |  1.8197308102 |  1.6796506070 |  1.5367751145 |  1.2835835870 |
  4.600000 |     1.0639258 |  1.8790633843 |  1.8309687585 |  1.6951875354 |  1.5548815357 |  1.3032184629 |
  4.700000 |     1.0592593 |  1.8875224896 |  1.8415327273 |  1.7100272656 |  1.5723627399 |  1.3224240124 |
  4.800000 |     1.0549379 |  1.8954038805 |  1.8514598070 |  1.7241956205 |  1.5892338397 |  1.3412035957 |
  4.900000 |     1.0509357 |  1.9027449982 |  1.8607854586 |  1.7377180020 |  1.6055101043 |  1.3595609032 |
  5.000000 |     1.0472283 |  1.9095811339 |  1.8695435312 |  1.7506193393 |  1.6212069073 |  1.3774999345 |
  5.100000 |     1.0437938 |  1.9159455133 |  1.8777662898 |  1.7629240441 |  1.6363396779 |  1.3950249770 |
  5.200000 |     1.0406115 |  1.9218693839 |  1.8854844472 |  1.7746559736 |  1.6509238560 |  1.4121405855 |
  5.300000 |     1.0376627 |  1.9273821034 |  1.8927272033 |  1.7858383998 |  1.6649748508 |  1.4288515616 |
  5.400000 |     1.0349298 |  1.9325112289 |  1.8995222873 |  1.7964939839 |  1.6785080031 |  1.4451629344 |
  5.500000 |     1.0323969 |  1.9372826055 |  1.9058960042 |  1.8066447572 |  1.6915385509 |  1.4610799408 |
  5.600000 |     1.0300490 |  1.9417204538 |  1.9118732829 |  1.8163121060 |  1.7040815978 |  1.4766080070 |
  5.700000 |     1.0278725 |  1.9458474556 |  1.9174777270 |  1.8255167620 |  1.7161520848 |  1.4917527299 |
  5.800000 |     1.0258547 |  1.9496848374 |  1.9227316661 |  1.8342787950 |  1.7277647655 |  1.5065198603 |
  5.900000 |     1.0239838 |  1.9532524521 |  1.9276562079 |  1.8426176111 |  1.7389341829 |  1.5209152852 |
  6.000000 |     1.0222491 |  1.9565688566 |  1.9322712903 |  1.8505519525 |  1.7496746502 |  1.5349450117 |
  6.100000 |     1.0206405 |  1.9596513879 |  1.9365957336 |  1.8580999009 |  1.7600002327 |  1.5486151516 |
  6.200000 |     1.0191488 |  1.9625162353 |  1.9406472916 |  1.8652788833 |  1.7699247335 |  1.5619319061 |
  6.300000 |     1.0177654 |  1.9651785094 |  1.9444427023 |  1.8721056793 |  1.7794616797 |  1.5749015515 |
  6.400000 |     1.0164824 |  1.9676523083 |  1.9479977375 |  1.8785964316 |  1.7886243120 |  1.5875304257 |
  6.500000 |     1.0152924 |  1.9699507802 |  1.9513272505 |  1.8847666561 |  1.7974255758 |  1.5998249151 |
  6.600000 |     1.0141886 |  1.9720861832 |  1.9544452233 |  1.8906312555 |  1.8058781133 |  1.6117914421 |
  6.700000 |     1.0131647 |  1.9740699418 |  1.9573648117 |  1.8962045323 |  1.8139942583 |  1.6234364537 |
  6.800000 |     1.0122150 |  1.9759127002 |  1.9600983890 |  1.9015002036 |  1.8217860316 |  1.6347664104 |
  6.900000 |     1.0113340 |  1.9776243730 |  1.9626575880 |  1.9065314165 |  1.8292651384 |  1.6457877757 |
  7.000000 |     1.0105167 |  1.9792141923 |  1.9650533414 |  1.9113107638 |  1.8364429662 |  1.6565070064 |
-----------|---------------|---------------|---------------|---------------|---------------|---------------|
-----------|---------------|---------------|
    H(T)   |STATISTICAL SUM|     5.000 K.  |
-----------|---------------|---------------|
  0.000100 |     3.8704297 |  0.0000270561 |
  0.100000 |     3.6584521 |  0.0270544100 |
  0.200000 |     3.4146630 |  0.0540988498 |
  0.300000 |     3.1930437 |  0.0811233642 |
  0.400000 |     2.9934009 |  0.1081180276 |
  0.500000 |     2.8137094 |  0.1350729587 |
  0.600000 |     2.6518807 |  0.1619783350 |
  0.700000 |     2.5059934 |  0.1888244073 |
  0.800000 |     2.3743266 |  0.2156015141 |
  0.900000 |     2.2553520 |  0.2423000946 |
  1.000000 |     2.1477160 |  0.2689107035 |
  1.100000 |     2.0502210 |  0.2954240228 |
  1.200000 |     1.9618071 |  0.3218308759 |
  1.300000 |     1.8815356 |  0.3481222391 |
  1.400000 |     1.8085745 |  0.3742892535 |
  1.500000 |     1.7421855 |  0.4003232372 |
  1.600000 |     1.6817125 |  0.4262156952 |
  1.700000 |     1.6265721 |  0.4519583303 |
  1.800000 |     1.5762446 |  0.4775430525 |
  1.900000 |     1.5302665 |  0.5029619885 |
  2.000000 |     1.4882239 |  0.5282074901 |
  2.100000 |     1.4497466 |  0.5532721416 |
  2.200000 |     1.4145031 |  0.5781487680 |
  2.300000 |     1.3821962 |  0.6028304408 |
  2.400000 |     1.3525590 |  0.6273104841 |
  2.500000 |     1.3253515 |  0.6515824803 |
  2.600000 |     1.3003576 |  0.6756402741 |
  2.700000 |     1.2773824 |  0.6994779770 |
  2.800000 |     1.2562502 |  0.7230899702 |
  2.900000 |     1.2368020 |  0.7464709074 |
  3.000000 |     1.2188938 |  0.7696157169 |
  3.100000 |     1.2023954 |  0.7925196030 |
  3.200000 |     1.1871884 |  0.8151780465 |
  3.300000 |     1.1731654 |  0.8375868050 |
  3.400000 |     1.1602287 |  0.8597419128 |
  3.500000 |     1.1482895 |  0.8816396795 |
  3.600000 |     1.1372666 |  0.9032766888 |
  3.700000 |     1.1270862 |  0.9246497961 |
  3.800000 |     1.1176807 |  0.9457561266 |
  3.900000 |     1.1089886 |  0.9665930717 |
  4.000000 |     1.1009533 |  0.9871582859 |
  4.100000 |     1.0935233 |  1.0074496829 |
  4.200000 |     1.0866512 |  1.0274654313 |
  4.300000 |     1.0802937 |  1.0472039500 |
  4.400000 |     1.0744108 |  1.0666639032 |
  4.500000 |     1.0689660 |  1.0858441953 |
  4.600000 |     1.0639258 |  1.1047439654 |
  4.700000 |     1.0592593 |  1.1233625809 |
  4.800000 |     1.0549379 |  1.1416996323 |
  4.900000 |     1.0509357 |  1.1597549265 |
  5.000000 |     1.0472283 |  1.1775284802 |
  5.100000 |     1.0437938 |  1.1950205137 |
  5.200000 |     1.0406115 |  1.2122314439 |
  5.300000 |     1.0376627 |  1.2291618777 |
  5.400000 |     1.0349298 |  1.2458126049 |
  5.500000 |     1.0323969 |  1.2621845911 |
  5.600000 |     1.0300490 |  1.2782789711 |
  5.700000 |     1.0278725 |  1.2940970413 |
  5.800000 |     1.0258547 |  1.3096402531 |
  5.900000 |     1.0239838 |  1.3249102058 |
  6.000000 |     1.0222491 |  1.3399086390 |
  6.100000 |     1.0206405 |  1.3546374265 |
  6.200000 |     1.0191488 |  1.3690985687 |
  6.300000 |     1.0177654 |  1.3832941863 |
  6.400000 |     1.0164824 |  1.3972265128 |
  6.500000 |     1.0152924 |  1.4108978889 |
  6.600000 |     1.0141886 |  1.4243107548 |
  6.700000 |     1.0131647 |  1.4374676448 |
  6.800000 |     1.0122150 |  1.4503711801 |
  6.900000 |     1.0113340 |  1.4630240634 |
  7.000000 |     1.0105167 |  1.4754290725 |
-----------|---------------|---------------|

-@-#-$-%-&-*--@-#-$-%-&-*--@-#-$-%-&-*--@-#-$-%-&-*--@-#-$-%-&-*--@-#-$-%-&-*--@-#-$-%-&-*--@-#-$-%-&-*--@-#-$-%-&-*--@-#-$-%-&-*-

          HAPPY   LANDING !!!   POLY_ANISO ENDED  OK !

-*-&-%-$-#-@--*-&-%-$-#-@--*-&-%-$-#-@--*-&-%-$-#-@--*-&-%-$-#-@--*-&-%-$-#-@--*-&-%-$-#-@--*-&-%-$-#-@--*-&-%-$-#-@--*-&-%-$-#-@-
Note: The following floating-point exceptions are signalling: IEEE_UNDERFLOW_FLAG IEEE_DENORMAL
 POLY_ANISO finished sucessfully!
